lambda,CH4,C2H2,C2H4,C2H6
1000.00,3.600000e-17,2.700000e-17,5.000000e-17,5.000000e-17
1001.00,3.588000e-17,2.696000e-17,4.980000e-17,4.994000e-17
1002.00,3.576000e-17,2.692000e-17,4.960000e-17,4.988000e-17
1003.00,3.564000e-17,2.688000e-17,4.940000e-17,4.982000e-17
1004.00,3.552000e-17,2.684000e-17,4.920000e-17,4.976000e-17
1005.00,3.540000e-17,2.680000e-17,4.900000e-17,4.970000e-17
1006.00,3.528000e-17,2.676000e-17,4.880000e-17,4.964000e-17
1007.00,3.516000e-17,2.672000e-17,4.860000e-17,4.958000e-17
1008.00,3.504000e-17,2.668000e-17,4.840000e-17,4.952000e-17
1009.00,3.492000e-17,2.664000e-17,4.820000e-17,4.946000e-17
1010.00,3.480000e-17,2.660000e-17,4.800000e-17,4.940000e-17
1011.00,3.468000e-17,2.656000e-17,4.780000e-17,4.934000e-17
1012.00,3.456000e-17,2.652000e-17,4.760000e-17,4.928000e-17
1013.00,3.444000e-17,2.648000e-17,4.740000e-17,4.922000e-17
1014.00,3.432000e-17,2.644000e-17,4.720000e-17,4.916000e-17
1015.00,3.420000e-17,2.640000e-17,4.700000e-17,4.910000e-17
1016.00,3.408000e-17,2.636000e-17,4.680000e-17,4.904000e-17
1017.00,3.396000e-17,2.632000e-17,4.660000e-17,4.898000e-17
1018.00,3.384000e-17,2.628000e-17,4.640000e-17,4.892000e-17
1019.00,3.372000e-17,2.624000e-17,4.620000e-17,4.886000e-17
1020.00,3.360000e-17,2.620000e-17,4.600000e-17,4.880000e-17
1021.00,3.348000e-17,2.616000e-17,4.580000e-17,4.874000e-17
1022.00,3.336000e-17,2.612000e-17,4.560000e-17,4.868000e-17
1023.00,3.324000e-17,2.608000e-17,4.540000e-17,4.862000e-17
1024.00,3.312000e-17,2.604000e-17,4.520000e-17,4.856000e-17
1025.00,3.300000e-17,2.600000e-17,4.500000e-17,4.850000e-17
1026.00,3.288000e-17,2.596000e-17,4.480000e-17,4.844000e-17
1027.00,3.276000e-17,2.592000e-17,4.460000e-17,4.838000e-17
1028.00,3.264000e-17,2.588000e-17,4.440000e-17,4.832000e-17
1029.00,3.252000e-17,2.584000e-17,4.420000e-17,4.826000e-17
1030.00,3.240000e-17,2.580000e-17,4.400000e-17,4.820000e-17
1031.00,3.228000e-17,2.576000e-17,4.380000e-17,4.814000e-17
1032.00,3.216000e-17,2.572000e-17,4.360000e-17,4.808000e-17
1033.00,3.204000e-17,2.568000e-17,4.340000e-17,4.802000e-17
1034.00,3.192000e-17,2.564000e-17,4.320000e-17,4.796000e-17
1035.00,3.180000e-17,2.560000e-17,4.300000e-17,4.790000e-17
1036.00,3.168000e-17,2.556000e-17,4.280000e-17,4.784000e-17
1037.00,3.156000e-17,2.552000e-17,4.260000e-17,4.778000e-17
1038.00,3.144000e-17,2.548000e-17,4.240000e-17,4.772000e-17
1039.00,3.132000e-17,2.544000e-17,4.220000e-17,4.766000e-17
1040.00,3.120000e-17,2.540000e-17,4.200000e-17,4.760000e-17
1041.00,3.108000e-17,2.536000e-17,4.180000e-17,4.754000e-17
1042.00,3.096000e-17,2.532000e-17,4.160000e-17,4.748000e-17
1043.00,3.084000e-17,2.528000e-17,4.140000e-17,4.742000e-17
1044.00,3.072000e-17,2.524000e-17,4.120000e-17,4.736000e-17
1045.00,3.060000e-17,2.520000e-17,4.100000e-17,4.730000e-17
1046.00,3.048000e-17,2.516000e-17,4.080000e-17,4.724000e-17
1047.00,3.036000e-17,2.512000e-17,4.060000e-17,4.718000e-17
1048.00,3.024000e-17,2.508000e-17,4.040000e-17,4.712000e-17
1049.00,3.012000e-17,2.504000e-17,4.020000e-17,4.706000e-17
1050.00,3.000000e-17,2.500000e-17,4.000000e-17,4.700000e-17
1051.00,2.984000e-17,2.500000e-17,3.958000e-17,4.686000e-17
1052.00,2.968000e-17,2.500000e-17,3.916000e-17,4.672000e-17
1053.00,2.952000e-17,2.500000e-17,3.874000e-17,4.658000e-17
1054.00,2.936000e-17,2.500000e-17,3.832000e-17,4.644000e-17
1055.00,2.920000e-17,2.500000e-17,3.790000e-17,4.630000e-17
1056.00,2.904000e-17,2.500000e-17,3.748000e-17,4.616000e-17
1057.00,2.888000e-17,2.500000e-17,3.706000e-17,4.602000e-17
1058.00,2.872000e-17,2.500000e-17,3.664000e-17,4.588000e-17
1059.00,2.856000e-17,2.500000e-17,3.622000e-17,4.574000e-17
1060.00,2.840000e-17,2.500000e-17,3.580000e-17,4.560000e-17
1061.00,2.824000e-17,2.500000e-17,3.538000e-17,4.546000e-17
1062.00,2.808000e-17,2.500000e-17,3.496000e-17,4.532000e-17
1063.00,2.792000e-17,2.500000e-17,3.454000e-17,4.518000e-17
1064.00,2.776000e-17,2.500000e-17,3.412000e-17,4.504000e-17
1065.00,2.760000e-17,2.500000e-17,3.370000e-17,4.490000e-17
1066.00,2.744000e-17,2.500000e-17,3.328000e-17,4.476000e-17
1067.00,2.728000e-17,2.500000e-17,3.286000e-17,4.462000e-17
1068.00,2.712000e-17,2.500000e-17,3.244000e-17,4.448000e-17
1069.00,2.696000e-17,2.500000e-17,3.202000e-17,4.434000e-17
1070.00,2.680000e-17,2.500000e-17,3.160000e-17,4.420000e-17
1071.00,2.664000e-17,2.500000e-17,3.118000e-17,4.406000e-17
1072.00,2.648000e-17,2.500000e-17,3.076000e-17,4.392000e-17
1073.00,2.632000e-17,2.500000e-17,3.034000e-17,4.378000e-17
1074.00,2.616000e-17,2.500000e-17,2.992000e-17,4.364000e-17
1075.00,2.600000e-17,2.500000e-17,2.950000e-17,4.350000e-17
1076.00,2.584000e-17,2.500000e-17,2.908000e-17,4.336000e-17
1077.00,2.568000e-17,2.500000e-17,2.866000e-17,4.322000e-17
1078.00,2.552000e-17,2.500000e-17,2.824000e-17,4.308000e-17
1079.00,2.536000e-17,2.500000e-17,2.782000e-17,4.294000e-17
1080.00,2.520000e-17,2.500000e-17,2.740000e-17,4.280000e-17
1081.00,2.504000e-17,2.500000e-17,2.698000e-17,4.266000e-17
1082.00,2.488000e-17,2.500000e-17,2.656000e-17,4.252000e-17
1083.00,2.472000e-17,2.500000e-17,2.614000e-17,4.238000e-17
1084.00,2.456000e-17,2.500000e-17,2.572000e-17,4.224000e-17
1085.00,2.440000e-17,2.500000e-17,2.530000e-17,4.210000e-17
1086.00,2.424000e-17,2.500000e-17,2.488000e-17,4.196000e-17
1087.00,2.408000e-17,2.500000e-17,2.446000e-17,4.182000e-17
1088.00,2.392000e-17,2.500000e-17,2.404000e-17,4.168000e-17
1089.00,2.376000e-17,2.500000e-17,2.362000e-17,4.154000e-17
1090.00,2.360000e-17,2.500000e-17,2.320000e-17,4.140000e-17
1091.00,2.344000e-17,2.500000e-17,2.278000e-17,4.126000e-17
1092.00,2.328000e-17,2.500000e-17,2.236000e-17,4.112000e-17
1093.00,2.312000e-17,2.500000e-17,2.194000e-17,4.098000e-17
1094.00,2.296000e-17,2.500000e-17,2.152000e-17,4.084000e-17
1095.00,2.280000e-17,2.500000e-17,2.110000e-17,4.070000e-17
1096.00,2.264000e-17,2.500000e-17,2.068000e-17,4.056000e-17
1097.00,2.248000e-17,2.500000e-17,2.026000e-17,4.042000e-17
1098.00,2.232000e-17,2.500000e-17,1.984000e-17,4.028000e-17
1099.00,2.216000e-17,2.500000e-17,1.942000e-17,4.014000e-17
1100.00,2.200000e-17,2.500000e-17,1.900000e-17,4.000000e-17
1101.00,2.192000e-17,2.478000e-17,1.894000e-17,3.980000e-17
1102.00,2.184000e-17,2.456000e-17,1.888000e-17,3.960000e-17
1103.00,2.176000e-17,2.434000e-17,1.882000e-17,3.940000e-17
1104.00,2.168000e-17,2.412000e-17,1.876000e-17,3.920000e-17
1105.00,2.160000e-17,2.390000e-17,1.870000e-17,3.900000e-17
1106.00,2.152000e-17,2.368000e-17,1.864000e-17,3.880000e-17
1107.00,2.144000e-17,2.346000e-17,1.858000e-17,3.860000e-17
1108.00,2.136000e-17,2.324000e-17,1.852000e-17,3.840000e-17
1109.00,2.128000e-17,2.302000e-17,1.846000e-17,3.820000e-17
1110.00,2.120000e-17,2.280000e-17,1.840000e-17,3.800000e-17
1111.00,2.112000e-17,2.258000e-17,1.834000e-17,3.780000e-17
1112.00,2.104000e-17,2.236000e-17,1.828000e-17,3.760000e-17
1113.00,2.096000e-17,2.214000e-17,1.822000e-17,3.740000e-17
1114.00,2.088000e-17,2.192000e-17,1.816000e-17,3.720000e-17
1115.00,2.080000e-17,2.170000e-17,1.810000e-17,3.700000e-17
1116.00,2.072000e-17,2.148000e-17,1.804000e-17,3.680000e-17
1117.00,2.064000e-17,2.126000e-17,1.798000e-17,3.660000e-17
1118.00,2.056000e-17,2.104000e-17,1.792000e-17,3.640000e-17
1119.00,2.048000e-17,2.082000e-17,1.786000e-17,3.620000e-17
1120.00,2.040000e-17,2.060000e-17,1.780000e-17,3.600000e-17
1121.00,2.032000e-17,2.038000e-17,1.774000e-17,3.580000e-17
1122.00,2.024000e-17,2.016000e-17,1.768000e-17,3.560000e-17
1123.00,2.016000e-17,1.994000e-17,1.762000e-17,3.540000e-17
1124.00,2.008000e-17,1.972000e-17,1.756000e-17,3.520000e-17
1125.00,2.000000e-17,1.950000e-17,1.750000e-17,3.500000e-17
1126.00,1.992000e-17,1.928000e-17,1.744000e-17,3.480000e-17
1127.00,1.984000e-17,1.906000e-17,1.738000e-17,3.460000e-17
1128.00,1.976000e-17,1.884000e-17,1.732000e-17,3.440000e-17
1129.00,1.968000e-17,1.862000e-17,1.726000e-17,3.420000e-17
1130.00,1.960000e-17,1.840000e-17,1.720000e-17,3.400000e-17
1131.00,1.952000e-17,1.818000e-17,1.714000e-17,3.380000e-17
1132.00,1.944000e-17,1.796000e-17,1.708000e-17,3.360000e-17
1133.00,1.936000e-17,1.774000e-17,1.702000e-17,3.340000e-17
1134.00,1.928000e-17,1.752000e-17,1.696000e-17,3.320000e-17
1135.00,1.920000e-17,1.730000e-17,1.690000e-17,3.300000e-17
1136.00,1.912000e-17,1.708000e-17,1.684000e-17,3.280000e-17
1137.00,1.904000e-17,1.686000e-17,1.678000e-17,3.260000e-17
1138.00,1.896000e-17,1.664000e-17,1.672000e-17,3.240000e-17
1139.00,1.888000e-17,1.642000e-17,1.666000e-17,3.220000e-17
1140.00,1.880000e-17,1.620000e-17,1.660000e-17,3.200000e-17
1141.00,1.872000e-17,1.598000e-17,1.654000e-17,3.180000e-17
1142.00,1.864000e-17,1.576000e-17,1.648000e-17,3.160000e-17
1143.00,1.856000e-17,1.554000e-17,1.642000e-17,3.140000e-17
1144.00,1.848000e-17,1.532000e-17,1.636000e-17,3.120000e-17
1145.00,1.840000e-17,1.510000e-17,1.630000e-17,3.100000e-17
1146.00,1.832000e-17,1.488000e-17,1.624000e-17,3.080000e-17
1147.00,1.824000e-17,1.466000e-17,1.618000e-17,3.060000e-17
1148.00,1.816000e-17,1.444000e-17,1.612000e-17,3.040000e-17
1149.00,1.808000e-17,1.422000e-17,1.606000e-17,3.020000e-17
1150.00,1.800000e-17,1.400000e-17,1.600000e-17,3.000000e-17
1151.00,1.802000e-17,1.400000e-17,1.612000e-17,2.984000e-17
1152.00,1.804000e-17,1.400000e-17,1.624000e-17,2.968000e-17
1153.00,1.806000e-17,1.400000e-17,1.636000e-17,2.952000e-17
1154.00,1.808000e-17,1.400000e-17,1.648000e-17,2.936000e-17
1155.00,1.810000e-17,1.400000e-17,1.660000e-17,2.920000e-17
1156.00,1.812000e-17,1.400000e-17,1.672000e-17,2.904000e-17
1157.00,1.814000e-17,1.400000e-17,1.684000e-17,2.888000e-17
1158.00,1.816000e-17,1.400000e-17,1.696000e-17,2.872000e-17
1159.00,1.818000e-17,1.400000e-17,1.708000e-17,2.856000e-17
1160.00,1.820000e-17,1.400000e-17,1.720000e-17,2.840000e-17
1161.00,1.822000e-17,1.400000e-17,1.732000e-17,2.824000e-17
1162.00,1.824000e-17,1.400000e-17,1.744000e-17,2.808000e-17
1163.00,1.826000e-17,1.400000e-17,1.756000e-17,2.792000e-17
1164.00,1.828000e-17,1.400000e-17,1.768000e-17,2.776000e-17
1165.00,1.830000e-17,1.400000e-17,1.780000e-17,2.760000e-17
1166.00,1.832000e-17,1.400000e-17,1.792000e-17,2.744000e-17
1167.00,1.834000e-17,1.400000e-17,1.804000e-17,2.728000e-17
1168.00,1.836000e-17,1.400000e-17,1.816000e-17,2.712000e-17
1169.00,1.838000e-17,1.400000e-17,1.828000e-17,2.696000e-17
1170.00,1.840000e-17,1.400000e-17,1.840000e-17,2.680000e-17
1171.00,1.842000e-17,1.400000e-17,1.852000e-17,2.664000e-17
1172.00,1.844000e-17,1.400000e-17,1.864000e-17,2.648000e-17
1173.00,1.846000e-17,1.400000e-17,1.876000e-17,2.632000e-17
1174.00,1.848000e-17,1.400000e-17,1.888000e-17,2.616000e-17
1175.00,1.850000e-17,1.400000e-17,1.900000e-17,2.600000e-17
1176.00,1.852000e-17,1.400000e-17,1.912000e-17,2.584000e-17
1177.00,1.854000e-17,1.400000e-17,1.924000e-17,2.568000e-17
1178.00,1.856000e-17,1.400000e-17,1.936000e-17,2.552000e-17
1179.00,1.858000e-17,1.400000e-17,1.948000e-17,2.536000e-17
1180.00,1.860000e-17,1.400000e-17,1.960000e-17,2.520000e-17
1181.00,1.862000e-17,1.400000e-17,1.972000e-17,2.504000e-17
1182.00,1.864000e-17,1.400000e-17,1.984000e-17,2.488000e-17
1183.00,1.866000e-17,1.400000e-17,1.996000e-17,2.472000e-17
1184.00,1.868000e-17,1.400000e-17,2.008000e-17,2.456000e-17
1185.00,1.870000e-17,1.400000e-17,2.020000e-17,2.440000e-17
1186.00,1.872000e-17,1.400000e-17,2.032000e-17,2.424000e-17
1187.00,1.874000e-17,1.400000e-17,2.044000e-17,2.408000e-17
1188.00,1.876000e-17,1.400000e-17,2.056000e-17,2.392000e-17
1189.00,1.878000e-17,1.400000e-17,2.068000e-17,2.376000e-17
1190.00,1.880000e-17,1.400000e-17,2.080000e-17,2.360000e-17
1191.00,1.882000e-17,1.400000e-17,2.092000e-17,2.344000e-17
1192.00,1.884000e-17,1.400000e-17,2.104000e-17,2.328000e-17
1193.00,1.886000e-17,1.400000e-17,2.116000e-17,2.312000e-17
1194.00,1.888000e-17,1.400000e-17,2.128000e-17,2.296000e-17
1195.00,1.890000e-17,1.400000e-17,2.140000e-17,2.280000e-17
1196.00,1.892000e-17,1.400000e-17,2.152000e-17,2.264000e-17
1197.00,1.894000e-17,1.400000e-17,2.164000e-17,2.248000e-17
1198.00,1.896000e-17,1.400000e-17,2.176000e-17,2.232000e-17
1199.00,1.898000e-17,1.400000e-17,2.188000e-17,2.216000e-17
1200.00,1.900000e-17,1.400000e-17,2.200000e-17,2.200000e-17
1201.00,1.881250e-17,1.487500e-17,2.218750e-17,2.187500e-17
1202.00,1.862500e-17,1.575000e-17,2.237500e-17,2.175000e-17
1203.00,1.843750e-17,1.662500e-17,2.256250e-17,2.162500e-17
1204.00,1.825000e-17,1.750000e-17,2.275000e-17,2.150000e-17
1205.00,1.806250e-17,1.837500e-17,2.293750e-17,2.137500e-17
1206.00,1.787500e-17,1.925000e-17,2.312500e-17,2.125000e-17
1207.00,1.768750e-17,2.012500e-17,2.331250e-17,2.112500e-17
1208.00,1.750000e-17,2.100000e-17,2.350000e-17,2.100000e-17
1209.00,1.731250e-17,2.187500e-17,2.368750e-17,2.087500e-17
1210.00,1.712500e-17,2.275000e-17,2.387500e-17,2.075000e-17
1211.00,1.693750e-17,2.362500e-17,2.406250e-17,2.062500e-17
1212.00,1.675000e-17,2.450000e-17,2.425000e-17,2.050000e-17
1213.00,1.656250e-17,2.537500e-17,2.443750e-17,2.037500e-17
1214.00,1.637500e-17,2.625000e-17,2.462500e-17,2.025000e-17
1215.00,1.618750e-17,2.712500e-17,2.481250e-17,2.012500e-17
1216.00,1.600000e-17,2.800000e-17,2.500000e-17,2.000000e-17
1217.00,1.605882e-17,2.761765e-17,2.508824e-17,2.002941e-17
1218.00,1.611765e-17,2.723529e-17,2.517647e-17,2.005882e-17
1219.00,1.617647e-17,2.685294e-17,2.526471e-17,2.008824e-17
1220.00,1.623529e-17,2.647059e-17,2.535294e-17,2.011765e-17
1221.00,1.629412e-17,2.608824e-17,2.544118e-17,2.014706e-17
1222.00,1.635294e-17,2.570588e-17,2.552941e-17,2.017647e-17
1223.00,1.641176e-17,2.532353e-17,2.561765e-17,2.020588e-17
1224.00,1.647059e-17,2.494118e-17,2.570588e-17,2.023529e-17
1225.00,1.652941e-17,2.455882e-17,2.579412e-17,2.026471e-17
1226.00,1.658824e-17,2.417647e-17,2.588235e-17,2.029412e-17
1227.00,1.664706e-17,2.379412e-17,2.597059e-17,2.032353e-17
1228.00,1.670588e-17,2.341176e-17,2.605882e-17,2.035294e-17
1229.00,1.676471e-17,2.302941e-17,2.614706e-17,2.038235e-17
1230.00,1.682353e-17,2.264706e-17,2.623529e-17,2.041176e-17
1231.00,1.688235e-17,2.226471e-17,2.632353e-17,2.044118e-17
1232.00,1.694118e-17,2.188235e-17,2.641176e-17,2.047059e-17
1233.00,1.700000e-17,2.150000e-17,2.650000e-17,2.050000e-17
1234.00,1.705882e-17,2.111765e-17,2.658824e-17,2.052941e-17
1235.00,1.711765e-17,2.073529e-17,2.667647e-17,2.055882e-17
1236.00,1.717647e-17,2.035294e-17,2.676471e-17,2.058824e-17
1237.00,1.723529e-17,1.997059e-17,2.685294e-17,2.061765e-17
1238.00,1.729412e-17,1.958824e-17,2.694118e-17,2.064706e-17
1239.00,1.735294e-17,1.920588e-17,2.702941e-17,2.067647e-17
1240.00,1.741176e-17,1.882353e-17,2.711765e-17,2.070588e-17
1241.00,1.747059e-17,1.844118e-17,2.720588e-17,2.073529e-17
1242.00,1.752941e-17,1.805882e-17,2.729412e-17,2.076471e-17
1243.00,1.758824e-17,1.767647e-17,2.738235e-17,2.079412e-17
1244.00,1.764706e-17,1.729412e-17,2.747059e-17,2.082353e-17
1245.00,1.770588e-17,1.691176e-17,2.755882e-17,2.085294e-17
1246.00,1.776471e-17,1.652941e-17,2.764706e-17,2.088235e-17
1247.00,1.782353e-17,1.614706e-17,2.773529e-17,2.091176e-17
1248.00,1.788235e-17,1.576471e-17,2.782353e-17,2.094118e-17
1249.00,1.794118e-17,1.538235e-17,2.791176e-17,2.097059e-17
1250.00,1.800000e-17,1.500000e-17,2.800000e-17,2.100000e-17
1251.00,1.798000e-17,1.596000e-17,2.778000e-17,2.094000e-17
1252.00,1.796000e-17,1.692000e-17,2.756000e-17,2.088000e-17
1253.00,1.794000e-17,1.788000e-17,2.734000e-17,2.082000e-17
1254.00,1.792000e-17,1.884000e-17,2.712000e-17,2.076000e-17
1255.00,1.790000e-17,1.980000e-17,2.690000e-17,2.070000e-17
1256.00,1.788000e-17,2.076000e-17,2.668000e-17,2.064000e-17
1257.00,1.786000e-17,2.172000e-17,2.646000e-17,2.058000e-17
1258.00,1.784000e-17,2.268000e-17,2.624000e-17,2.052000e-17
1259.00,1.782000e-17,2.364000e-17,2.602000e-17,2.046000e-17
1260.00,1.780000e-17,2.460000e-17,2.580000e-17,2.040000e-17
1261.00,1.778000e-17,2.556000e-17,2.558000e-17,2.034000e-17
1262.00,1.776000e-17,2.652000e-17,2.536000e-17,2.028000e-17
1263.00,1.774000e-17,2.748000e-17,2.514000e-17,2.022000e-17
1264.00,1.772000e-17,2.844000e-17,2.492000e-17,2.016000e-17
1265.00,1.770000e-17,2.940000e-17,2.470000e-17,2.010000e-17
1266.00,1.768000e-17,3.036000e-17,2.448000e-17,2.004000e-17
1267.00,1.766000e-17,3.132000e-17,2.426000e-17,1.998000e-17
1268.00,1.764000e-17,3.228000e-17,2.404000e-17,1.992000e-17
1269.00,1.762000e-17,3.324000e-17,2.382000e-17,1.986000e-17
1270.00,1.760000e-17,3.420000e-17,2.360000e-17,1.980000e-17
1271.00,1.758000e-17,3.516000e-17,2.338000e-17,1.974000e-17
1272.00,1.756000e-17,3.612000e-17,2.316000e-17,1.968000e-17
1273.00,1.754000e-17,3.708000e-17,2.294000e-17,1.962000e-17
1274.00,1.752000e-17,3.804000e-17,2.272000e-17,1.956000e-17
1275.00,1.750000e-17,3.900000e-17,2.250000e-17,1.950000e-17
1276.00,1.748000e-17,3.996000e-17,2.228000e-17,1.944000e-17
1277.00,1.746000e-17,4.092000e-17,2.206000e-17,1.938000e-17
1278.00,1.744000e-17,4.188000e-17,2.184000e-17,1.932000e-17
1279.00,1.742000e-17,4.284000e-17,2.162000e-17,1.926000e-17
1280.00,1.740000e-17,4.380000e-17,2.140000e-17,1.920000e-17
1281.00,1.738000e-17,4.476000e-17,2.118000e-17,1.914000e-17
1282.00,1.736000e-17,4.572000e-17,2.096000e-17,1.908000e-17
1283.00,1.734000e-17,4.668000e-17,2.074000e-17,1.902000e-17
1284.00,1.732000e-17,4.764000e-17,2.052000e-17,1.896000e-17
1285.00,1.730000e-17,4.860000e-17,2.030000e-17,1.890000e-17
1286.00,1.728000e-17,4.956000e-17,2.008000e-17,1.884000e-17
1287.00,1.726000e-17,5.052000e-17,1.986000e-17,1.878000e-17
1288.00,1.724000e-17,5.148000e-17,1.964000e-17,1.872000e-17
1289.00,1.722000e-17,5.244000e-17,1.942000e-17,1.866000e-17
1290.00,1.720000e-17,5.340000e-17,1.920000e-17,1.860000e-17
1291.00,1.718000e-17,5.436000e-17,1.898000e-17,1.854000e-17
1292.00,1.716000e-17,5.532000e-17,1.876000e-17,1.848000e-17
1293.00,1.714000e-17,5.628000e-17,1.854000e-17,1.842000e-17
1294.00,1.712000e-17,5.724000e-17,1.832000e-17,1.836000e-17
1295.00,1.710000e-17,5.820000e-17,1.810000e-17,1.830000e-17
1296.00,1.708000e-17,5.916000e-17,1.788000e-17,1.824000e-17
1297.00,1.706000e-17,6.012000e-17,1.766000e-17,1.818000e-17
1298.00,1.704000e-17,6.108000e-17,1.744000e-17,1.812000e-17
1299.00,1.702000e-17,6.204000e-17,1.722000e-17,1.806000e-17
1300.00,1.700000e-17,6.300000e-17,1.700000e-17,1.800000e-17
1301.00,1.680400e-17,6.234000e-17,1.706000e-17,1.786000e-17
1302.00,1.660800e-17,6.168000e-17,1.712000e-17,1.772000e-17
1303.00,1.641200e-17,6.102000e-17,1.718000e-17,1.758000e-17
1304.00,1.621600e-17,6.036000e-17,1.724000e-17,1.744000e-17
1305.00,1.602000e-17,5.970000e-17,1.730000e-17,1.730000e-17
1306.00,1.582400e-17,5.904000e-17,1.736000e-17,1.716000e-17
1307.00,1.562800e-17,5.838000e-17,1.742000e-17,1.702000e-17
1308.00,1.543200e-17,5.772000e-17,1.748000e-17,1.688000e-17
1309.00,1.523600e-17,5.706000e-17,1.754000e-17,1.674000e-17
1310.00,1.504000e-17,5.640000e-17,1.760000e-17,1.660000e-17
1311.00,1.484400e-17,5.574000e-17,1.766000e-17,1.646000e-17
1312.00,1.464800e-17,5.508000e-17,1.772000e-17,1.632000e-17
1313.00,1.445200e-17,5.442000e-17,1.778000e-17,1.618000e-17
1314.00,1.425600e-17,5.376000e-17,1.784000e-17,1.604000e-17
1315.00,1.406000e-17,5.310000e-17,1.790000e-17,1.590000e-17
1316.00,1.386400e-17,5.244000e-17,1.796000e-17,1.576000e-17
1317.00,1.366800e-17,5.178000e-17,1.802000e-17,1.562000e-17
1318.00,1.347200e-17,5.112000e-17,1.808000e-17,1.548000e-17
1319.00,1.327600e-17,5.046000e-17,1.814000e-17,1.534000e-17
1320.00,1.308000e-17,4.980000e-17,1.820000e-17,1.520000e-17
1321.00,1.288400e-17,4.914000e-17,1.826000e-17,1.506000e-17
1322.00,1.268800e-17,4.848000e-17,1.832000e-17,1.492000e-17
1323.00,1.249200e-17,4.782000e-17,1.838000e-17,1.478000e-17
1324.00,1.229600e-17,4.716000e-17,1.844000e-17,1.464000e-17
1325.00,1.210000e-17,4.650000e-17,1.850000e-17,1.450000e-17
1326.00,1.190400e-17,4.584000e-17,1.856000e-17,1.436000e-17
1327.00,1.170800e-17,4.518000e-17,1.862000e-17,1.422000e-17
1328.00,1.151200e-17,4.452000e-17,1.868000e-17,1.408000e-17
1329.00,1.131600e-17,4.386000e-17,1.874000e-17,1.394000e-17
1330.00,1.112000e-17,4.320000e-17,1.880000e-17,1.380000e-17
1331.00,1.092400e-17,4.254000e-17,1.886000e-17,1.366000e-17
1332.00,1.072800e-17,4.188000e-17,1.892000e-17,1.352000e-17
1333.00,1.053200e-17,4.122000e-17,1.898000e-17,1.338000e-17
1334.00,1.033600e-17,4.056000e-17,1.904000e-17,1.324000e-17
1335.00,1.014000e-17,3.990000e-17,1.910000e-17,1.310000e-17
1336.00,9.944000e-18,3.924000e-17,1.916000e-17,1.296000e-17
1337.00,9.748000e-18,3.858000e-17,1.922000e-17,1.282000e-17
1338.00,9.552000e-18,3.792000e-17,1.928000e-17,1.268000e-17
1339.00,9.356000e-18,3.726000e-17,1.934000e-17,1.254000e-17
1340.00,9.160000e-18,3.660000e-17,1.940000e-17,1.240000e-17
1341.00,8.964000e-18,3.594000e-17,1.946000e-17,1.226000e-17
1342.00,8.768000e-18,3.528000e-17,1.952000e-17,1.212000e-17
1343.00,8.572000e-18,3.462000e-17,1.958000e-17,1.198000e-17
1344.00,8.376000e-18,3.396000e-17,1.964000e-17,1.184000e-17
1345.00,8.180000e-18,3.330000e-17,1.970000e-17,1.170000e-17
1346.00,7.984000e-18,3.264000e-17,1.976000e-17,1.156000e-17
1347.00,7.788000e-18,3.198000e-17,1.982000e-17,1.142000e-17
1348.00,7.592000e-18,3.132000e-17,1.988000e-17,1.128000e-17
1349.00,7.396000e-18,3.066000e-17,1.994000e-17,1.114000e-17
1350.00,7.200000e-18,3.000000e-17,2.000000e-17,1.100000e-17
1351.00,7.078000e-18,2.948000e-17,1.986000e-17,1.212000e-17
1352.00,6.956000e-18,2.896000e-17,1.972000e-17,1.324000e-17
1353.00,6.834000e-18,2.844000e-17,1.958000e-17,1.436000e-17
1354.00,6.712000e-18,2.792000e-17,1.944000e-17,1.548000e-17
1355.00,6.590000e-18,2.740000e-17,1.930000e-17,1.660000e-17
1356.00,6.468000e-18,2.688000e-17,1.916000e-17,1.772000e-17
1357.00,6.346000e-18,2.636000e-17,1.902000e-17,1.884000e-17
1358.00,6.224000e-18,2.584000e-17,1.888000e-17,1.996000e-17
1359.00,6.102000e-18,2.532000e-17,1.874000e-17,2.108000e-17
1360.00,5.980000e-18,2.480000e-17,1.860000e-17,2.220000e-17
1361.00,5.858000e-18,2.428000e-17,1.846000e-17,2.332000e-17
1362.00,5.736000e-18,2.376000e-17,1.832000e-17,2.444000e-17
1363.00,5.614000e-18,2.324000e-17,1.818000e-17,2.556000e-17
1364.00,5.492000e-18,2.272000e-17,1.804000e-17,2.668000e-17
1365.00,5.370000e-18,2.220000e-17,1.790000e-17,2.780000e-17
1366.00,5.248000e-18,2.168000e-17,1.776000e-17,2.892000e-17
1367.00,5.126000e-18,2.116000e-17,1.762000e-17,3.004000e-17
1368.00,5.004000e-18,2.064000e-17,1.748000e-17,3.116000e-17
1369.00,4.882000e-18,2.012000e-17,1.734000e-17,3.228000e-17
1370.00,4.760000e-18,1.960000e-17,1.720000e-17,3.340000e-17
1371.00,4.638000e-18,1.908000e-17,1.706000e-17,3.452000e-17
1372.00,4.516000e-18,1.856000e-17,1.692000e-17,3.564000e-17
1373.00,4.394000e-18,1.804000e-17,1.678000e-17,3.676000e-17
1374.00,4.272000e-18,1.752000e-17,1.664000e-17,3.788000e-17
1375.00,4.150000e-18,1.700000e-17,1.650000e-17,3.900000e-17
1376.00,4.028000e-18,1.648000e-17,1.636000e-17,4.012000e-17
1377.00,3.906000e-18,1.596000e-17,1.622000e-17,4.124000e-17
1378.00,3.784000e-18,1.544000e-17,1.608000e-17,4.236000e-17
1379.00,3.662000e-18,1.492000e-17,1.594000e-17,4.348000e-17
1380.00,3.540000e-18,1.440000e-17,1.580000e-17,4.460000e-17
1381.00,3.418000e-18,1.388000e-17,1.566000e-17,4.572000e-17
1382.00,3.296000e-18,1.336000e-17,1.552000e-17,4.684000e-17
1383.00,3.174000e-18,1.284000e-17,1.538000e-17,4.796000e-17
1384.00,3.052000e-18,1.232000e-17,1.524000e-17,4.908000e-17
1385.00,2.930000e-18,1.180000e-17,1.510000e-17,5.020000e-17
1386.00,2.808000e-18,1.128000e-17,1.496000e-17,5.132000e-17
1387.00,2.686000e-18,1.076000e-17,1.482000e-17,5.244000e-17
1388.00,2.564000e-18,1.024000e-17,1.468000e-17,5.356000e-17
1389.00,2.442000e-18,9.720000e-18,1.454000e-17,5.468000e-17
1390.00,2.320000e-18,9.200000e-18,1.440000e-17,5.580000e-17
1391.00,2.198000e-18,8.680000e-18,1.426000e-17,5.692000e-17
1392.00,2.076000e-18,8.160000e-18,1.412000e-17,5.804000e-17
1393.00,1.954000e-18,7.640000e-18,1.398000e-17,5.916000e-17
1394.00,1.832000e-18,7.120000e-18,1.384000e-17,6.028000e-17
1395.00,1.710000e-18,6.600000e-18,1.370000e-17,6.140000e-17
1396.00,1.588000e-18,6.080000e-18,1.356000e-17,6.252000e-17
1397.00,1.466000e-18,5.560000e-18,1.342000e-17,6.364000e-17
1398.00,1.344000e-18,5.040000e-18,1.328000e-17,6.476000e-17
1399.00,1.222000e-18,4.520000e-18,1.314000e-17,6.588000e-17
1400.00,1.100000e-18,4.000000e-18,1.300000e-17,6.700000e-17
1401.00,1.078440e-18,4.120000e-18,1.296000e-17,6.570800e-17
1402.00,1.056880e-18,4.240000e-18,1.292000e-17,6.441600e-17
1403.00,1.035320e-18,4.360000e-18,1.288000e-17,6.312400e-17
1404.00,1.013760e-18,4.480000e-18,1.284000e-17,6.183200e-17
1405.00,9.922000e-19,4.600000e-18,1.280000e-17,6.054000e-17
1406.00,9.706400e-19,4.720000e-18,1.276000e-17,5.924800e-17
1407.00,9.490800e-19,4.840000e-18,1.272000e-17,5.795600e-17
1408.00,9.275200e-19,4.960000e-18,1.268000e-17,5.666400e-17
1409.00,9.059600e-19,5.080000e-18,1.264000e-17,5.537200e-17
1410.00,8.844000e-19,5.200000e-18,1.260000e-17,5.408000e-17
1411.00,8.628400e-19,5.320000e-18,1.256000e-17,5.278800e-17
1412.00,8.412800e-19,5.440000e-18,1.252000e-17,5.149600e-17
1413.00,8.197200e-19,5.560000e-18,1.248000e-17,5.020400e-17
1414.00,7.981600e-19,5.680000e-18,1.244000e-17,4.891200e-17
1415.00,7.766000e-19,5.800000e-18,1.240000e-17,4.762000e-17
1416.00,7.550400e-19,5.920000e-18,1.236000e-17,4.632800e-17
1417.00,7.334800e-19,6.040000e-18,1.232000e-17,4.503600e-17
1418.00,7.119200e-19,6.160000e-18,1.228000e-17,4.374400e-17
1419.00,6.903600e-19,6.280000e-18,1.224000e-17,4.245200e-17
1420.00,6.688000e-19,6.400000e-18,1.220000e-17,4.116000e-17
1421.00,6.472400e-19,6.520000e-18,1.216000e-17,3.986800e-17
1422.00,6.256800e-19,6.640000e-18,1.212000e-17,3.857600e-17
1423.00,6.041200e-19,6.760000e-18,1.208000e-17,3.728400e-17
1424.00,5.825600e-19,6.880000e-18,1.204000e-17,3.599200e-17
1425.00,5.610000e-19,7.000000e-18,1.200000e-17,3.470000e-17
1426.00,5.394400e-19,7.120000e-18,1.196000e-17,3.340800e-17
1427.00,5.178800e-19,7.240000e-18,1.192000e-17,3.211600e-17
1428.00,4.963200e-19,7.360000e-18,1.188000e-17,3.082400e-17
1429.00,4.747600e-19,7.480000e-18,1.184000e-17,2.953200e-17
1430.00,4.532000e-19,7.600000e-18,1.180000e-17,2.824000e-17
1431.00,4.316400e-19,7.720000e-18,1.176000e-17,2.694800e-17
1432.00,4.100800e-19,7.840000e-18,1.172000e-17,2.565600e-17
1433.00,3.885200e-19,7.960000e-18,1.168000e-17,2.436400e-17
1434.00,3.669600e-19,8.080000e-18,1.164000e-17,2.307200e-17
1435.00,3.454000e-19,8.200000e-18,1.160000e-17,2.178000e-17
1436.00,3.238400e-19,8.320000e-18,1.156000e-17,2.048800e-17
1437.00,3.022800e-19,8.440000e-18,1.152000e-17,1.919600e-17
1438.00,2.807200e-19,8.560000e-18,1.148000e-17,1.790400e-17
1439.00,2.591600e-19,8.680000e-18,1.144000e-17,1.661200e-17
1440.00,2.376000e-19,8.800000e-18,1.140000e-17,1.532000e-17
1441.00,2.160400e-19,8.920000e-18,1.136000e-17,1.402800e-17
1442.00,1.944800e-19,9.040000e-18,1.132000e-17,1.273600e-17
1443.00,1.729200e-19,9.160000e-18,1.128000e-17,1.144400e-17
1444.00,1.513600e-19,9.280000e-18,1.124000e-17,1.015200e-17
1445.00,1.298000e-19,9.400000e-18,1.120000e-17,8.860000e-18
1446.00,1.082400e-19,9.520000e-18,1.116000e-17,7.568000e-18
1447.00,8.668000e-20,9.640000e-18,1.112000e-17,6.276000e-18
1448.00,6.512000e-20,9.760000e-18,1.108000e-17,4.984000e-18
1449.00,4.356000e-20,9.880000e-18,1.104000e-17,3.692000e-18
1450.00,2.200000e-20,1.000000e-17,1.100000e-17,2.400000e-18
1451.00,2.156178e-20,1.040000e-17,1.114000e-17,2.370800e-18
1452.00,2.112356e-20,1.080000e-17,1.128000e-17,2.341600e-18
1453.00,2.068534e-20,1.120000e-17,1.142000e-17,2.312400e-18
1454.00,2.024712e-20,1.160000e-17,1.156000e-17,2.283200e-18
1455.00,1.980890e-20,1.200000e-17,1.170000e-17,2.254000e-18
1456.00,1.937068e-20,1.240000e-17,1.184000e-17,2.224800e-18
1457.00,1.893246e-20,1.280000e-17,1.198000e-17,2.195600e-18
1458.00,1.849424e-20,1.320000e-17,1.212000e-17,2.166400e-18
1459.00,1.805602e-20,1.360000e-17,1.226000e-17,2.137200e-18
1460.00,1.761780e-20,1.400000e-17,1.240000e-17,2.108000e-18
1461.00,1.717958e-20,1.440000e-17,1.254000e-17,2.078800e-18
1462.00,1.674136e-20,1.480000e-17,1.268000e-17,2.049600e-18
1463.00,1.630314e-20,1.520000e-17,1.282000e-17,2.020400e-18
1464.00,1.586492e-20,1.560000e-17,1.296000e-17,1.991200e-18
1465.00,1.542670e-20,1.600000e-17,1.310000e-17,1.962000e-18
1466.00,1.498848e-20,1.640000e-17,1.324000e-17,1.932800e-18
1467.00,1.455026e-20,1.680000e-17,1.338000e-17,1.903600e-18
1468.00,1.411204e-20,1.720000e-17,1.352000e-17,1.874400e-18
1469.00,1.367382e-20,1.760000e-17,1.366000e-17,1.845200e-18
1470.00,1.323560e-20,1.800000e-17,1.380000e-17,1.816000e-18
1471.00,1.279738e-20,1.840000e-17,1.394000e-17,1.786800e-18
1472.00,1.235916e-20,1.880000e-17,1.408000e-17,1.757600e-18
1473.00,1.192094e-20,1.920000e-17,1.422000e-17,1.728400e-18
1474.00,1.148272e-20,1.960000e-17,1.436000e-17,1.699200e-18
1475.00,1.104450e-20,2.000000e-17,1.450000e-17,1.670000e-18
1476.00,1.060628e-20,2.040000e-17,1.464000e-17,1.640800e-18
1477.00,1.016806e-20,2.080000e-17,1.478000e-17,1.611600e-18
1478.00,9.729840e-21,2.120000e-17,1.492000e-17,1.582400e-18
1479.00,9.291620e-21,2.160000e-17,1.506000e-17,1.553200e-18
1480.00,8.853400e-21,2.200000e-17,1.520000e-17,1.524000e-18
1481.00,8.415180e-21,2.240000e-17,1.534000e-17,1.494800e-18
1482.00,7.976960e-21,2.280000e-17,1.548000e-17,1.465600e-18
1483.00,7.538740e-21,2.320000e-17,1.562000e-17,1.436400e-18
1484.00,7.100520e-21,2.360000e-17,1.576000e-17,1.407200e-18
1485.00,6.662300e-21,2.400000e-17,1.590000e-17,1.378000e-18
1486.00,6.224080e-21,2.440000e-17,1.604000e-17,1.348800e-18
1487.00,5.785860e-21,2.480000e-17,1.618000e-17,1.319600e-18
1488.00,5.347640e-21,2.520000e-17,1.632000e-17,1.290400e-18
1489.00,4.909420e-21,2.560000e-17,1.646000e-17,1.261200e-18
1490.00,4.471200e-21,2.600000e-17,1.660000e-17,1.232000e-18
1491.00,4.032980e-21,2.640000e-17,1.674000e-17,1.202800e-18
1492.00,3.594760e-21,2.680000e-17,1.688000e-17,1.173600e-18
1493.00,3.156540e-21,2.720000e-17,1.702000e-17,1.144400e-18
1494.00,2.718320e-21,2.760000e-17,1.716000e-17,1.115200e-18
1495.00,2.280100e-21,2.800000e-17,1.730000e-17,1.086000e-18
1496.00,1.841880e-21,2.840000e-17,1.744000e-17,1.056800e-18
1497.00,1.403660e-21,2.880000e-17,1.758000e-17,1.027600e-18
1498.00,9.654400e-22,2.920000e-17,1.772000e-17,9.984000e-19
1499.00,5.272200e-22,2.960000e-17,1.786000e-17,9.692000e-19
1500.00,8.900000e-23,3.000000e-17,1.800000e-17,9.400000e-19
1501.00,8.739600e-23,2.941120e-17,1.812000e-17,9.231600e-19
1502.00,8.579200e-23,2.882240e-17,1.824000e-17,9.063200e-19
1503.00,8.418800e-23,2.823360e-17,1.836000e-17,8.894800e-19
1504.00,8.258400e-23,2.764480e-17,1.848000e-17,8.726400e-19
1505.00,8.098000e-23,2.705600e-17,1.860000e-17,8.558000e-19
1506.00,7.937600e-23,2.646720e-17,1.872000e-17,8.389600e-19
1507.00,7.777200e-23,2.587840e-17,1.884000e-17,8.221200e-19
1508.00,7.616800e-23,2.528960e-17,1.896000e-17,8.052800e-19
1509.00,7.456400e-23,2.470080e-17,1.908000e-17,7.884400e-19
1510.00,7.296000e-23,2.411200e-17,1.920000e-17,7.716000e-19
1511.00,7.135600e-23,2.352320e-17,1.932000e-17,7.547600e-19
1512.00,6.975200e-23,2.293440e-17,1.944000e-17,7.379200e-19
1513.00,6.814800e-23,2.234560e-17,1.956000e-17,7.210800e-19
1514.00,6.654400e-23,2.175680e-17,1.968000e-17,7.042400e-19
1515.00,6.494000e-23,2.116800e-17,1.980000e-17,6.874000e-19
1516.00,6.333600e-23,2.057920e-17,1.992000e-17,6.705600e-19
1517.00,6.173200e-23,1.999040e-17,2.004000e-17,6.537200e-19
1518.00,6.012800e-23,1.940160e-17,2.016000e-17,6.368800e-19
1519.00,5.852400e-23,1.881280e-17,2.028000e-17,6.200400e-19
1520.00,5.692000e-23,1.822400e-17,2.040000e-17,6.032000e-19
1521.00,5.531600e-23,1.763520e-17,2.052000e-17,5.863600e-19
1522.00,5.371200e-23,1.704640e-17,2.064000e-17,5.695200e-19
1523.00,5.210800e-23,1.645760e-17,2.076000e-17,5.526800e-19
1524.00,5.050400e-23,1.586880e-17,2.088000e-17,5.358400e-19
1525.00,4.890000e-23,1.528000e-17,2.100000e-17,5.190000e-19
1526.00,4.729600e-23,1.469120e-17,2.112000e-17,5.021600e-19
1527.00,4.569200e-23,1.410240e-17,2.124000e-17,4.853200e-19
1528.00,4.408800e-23,1.351360e-17,2.136000e-17,4.684800e-19
1529.00,4.248400e-23,1.292480e-17,2.148000e-17,4.516400e-19
1530.00,4.088000e-23,1.233600e-17,2.160000e-17,4.348000e-19
1531.00,3.927600e-23,1.174720e-17,2.172000e-17,4.179600e-19
1532.00,3.767200e-23,1.115840e-17,2.184000e-17,4.011200e-19
1533.00,3.606800e-23,1.056960e-17,2.196000e-17,3.842800e-19
1534.00,3.446400e-23,9.980800e-18,2.208000e-17,3.674400e-19
1535.00,3.286000e-23,9.392000e-18,2.220000e-17,3.506000e-19
1536.00,3.125600e-23,8.803200e-18,2.232000e-17,3.337600e-19
1537.00,2.965200e-23,8.214400e-18,2.244000e-17,3.169200e-19
1538.00,2.804800e-23,7.625600e-18,2.256000e-17,3.000800e-19
1539.00,2.644400e-23,7.036800e-18,2.268000e-17,2.832400e-19
1540.00,2.484000e-23,6.448000e-18,2.280000e-17,2.664000e-19
1541.00,2.323600e-23,5.859200e-18,2.292000e-17,2.495600e-19
1542.00,2.163200e-23,5.270400e-18,2.304000e-17,2.327200e-19
1543.00,2.002800e-23,4.681600e-18,2.316000e-17,2.158800e-19
1544.00,1.842400e-23,4.092800e-18,2.328000e-17,1.990400e-19
1545.00,1.682000e-23,3.504000e-18,2.340000e-17,1.822000e-19
1546.00,1.521600e-23,2.915200e-18,2.352000e-17,1.653600e-19
1547.00,1.361200e-23,2.326400e-18,2.364000e-17,1.485200e-19
1548.00,1.200800e-23,1.737600e-18,2.376000e-17,1.316800e-19
1549.00,1.040400e-23,1.148800e-18,2.388000e-17,1.148400e-19
1550.00,8.800000e-24,5.600000e-19,2.400000e-17,9.800000e-20
1551.00,8.744000e-24,5.622000e-19,2.412000e-17,9.606200e-20
1552.00,8.688000e-24,5.644000e-19,2.424000e-17,9.412400e-20
1553.00,8.632000e-24,5.666000e-19,2.436000e-17,9.218600e-20
1554.00,8.576000e-24,5.688000e-19,2.448000e-17,9.024800e-20
1555.00,8.520000e-24,5.710000e-19,2.460000e-17,8.831000e-20
1556.00,8.464000e-24,5.732000e-19,2.472000e-17,8.637200e-20
1557.00,8.408000e-24,5.754000e-19,2.484000e-17,8.443400e-20
1558.00,8.352000e-24,5.776000e-19,2.496000e-17,8.249600e-20
1559.00,8.296000e-24,5.798000e-19,2.508000e-17,8.055800e-20
1560.00,8.240000e-24,5.820000e-19,2.520000e-17,7.862000e-20
1561.00,8.184000e-24,5.842000e-19,2.532000e-17,7.668200e-20
1562.00,8.128000e-24,5.864000e-19,2.544000e-17,7.474400e-20
1563.00,8.072000e-24,5.886000e-19,2.556000e-17,7.280600e-20
1564.00,8.016000e-24,5.908000e-19,2.568000e-17,7.086800e-20
1565.00,7.960000e-24,5.930000e-19,2.580000e-17,6.893000e-20
1566.00,7.904000e-24,5.952000e-19,2.592000e-17,6.699200e-20
1567.00,7.848000e-24,5.974000e-19,2.604000e-17,6.505400e-20
1568.00,7.792000e-24,5.996000e-19,2.616000e-17,6.311600e-20
1569.00,7.736000e-24,6.018000e-19,2.628000e-17,6.117800e-20
1570.00,7.680000e-24,6.040000e-19,2.640000e-17,5.924000e-20
1571.00,7.624000e-24,6.062000e-19,2.652000e-17,5.730200e-20
1572.00,7.568000e-24,6.084000e-19,2.664000e-17,5.536400e-20
1573.00,7.512000e-24,6.106000e-19,2.676000e-17,5.342600e-20
1574.00,7.456000e-24,6.128000e-19,2.688000e-17,5.148800e-20
1575.00,7.400000e-24,6.150000e-19,2.700000e-17,4.955000e-20
1576.00,7.344000e-24,6.172000e-19,2.712000e-17,4.761200e-20
1577.00,7.288000e-24,6.194000e-19,2.724000e-17,4.567400e-20
1578.00,7.232000e-24,6.216000e-19,2.736000e-17,4.373600e-20
1579.00,7.176000e-24,6.238000e-19,2.748000e-17,4.179800e-20
1580.00,7.120000e-24,6.260000e-19,2.760000e-17,3.986000e-20
1581.00,7.064000e-24,6.282000e-19,2.772000e-17,3.792200e-20
1582.00,7.008000e-24,6.304000e-19,2.784000e-17,3.598400e-20
1583.00,6.952000e-24,6.326000e-19,2.796000e-17,3.404600e-20
1584.00,6.896000e-24,6.348000e-19,2.808000e-17,3.210800e-20
1585.00,6.840000e-24,6.370000e-19,2.820000e-17,3.017000e-20
1586.00,6.784000e-24,6.392000e-19,2.832000e-17,2.823200e-20
1587.00,6.728000e-24,6.414000e-19,2.844000e-17,2.629400e-20
1588.00,6.672000e-24,6.436000e-19,2.856000e-17,2.435600e-20
1589.00,6.616000e-24,6.458000e-19,2.868000e-17,2.241800e-20
1590.00,6.560000e-24,6.480000e-19,2.880000e-17,2.048000e-20
1591.00,6.504000e-24,6.502000e-19,2.892000e-17,1.854200e-20
1592.00,6.448000e-24,6.524000e-19,2.904000e-17,1.660400e-20
1593.00,6.392000e-24,6.546000e-19,2.916000e-17,1.466600e-20
1594.00,6.336000e-24,6.568000e-19,2.928000e-17,1.272800e-20
1595.00,6.280000e-24,6.590000e-19,2.940000e-17,1.079000e-20
1596.00,6.224000e-24,6.612000e-19,2.952000e-17,8.852000e-21
1597.00,6.168000e-24,6.634000e-19,2.964000e-17,6.914000e-21
1598.00,6.112000e-24,6.656000e-19,2.976000e-17,4.976000e-21
1599.00,6.056000e-24,6.678000e-19,2.988000e-17,3.038000e-21
1600.00,6.000000e-24,6.700000e-19,3.000000e-17,1.100000e-21
1601.00,5.880000e-24,6.752000e-19,3.012000e-17,1.078000e-21
1602.00,5.760000e-24,6.804000e-19,3.024000e-17,1.056000e-21
1603.00,5.640000e-24,6.856000e-19,3.036000e-17,1.034000e-21
1604.00,5.520000e-24,6.908000e-19,3.048000e-17,1.012000e-21
1605.00,5.400000e-24,6.960000e-19,3.060000e-17,9.900000e-22
1606.00,5.280000e-24,7.012000e-19,3.072000e-17,9.680000e-22
1607.00,5.160000e-24,7.064000e-19,3.084000e-17,9.460000e-22
1608.00,5.040000e-24,7.116000e-19,3.096000e-17,9.240000e-22
1609.00,4.920000e-24,7.168000e-19,3.108000e-17,9.020000e-22
1610.00,4.800000e-24,7.220000e-19,3.120000e-17,8.800000e-22
1611.00,4.680000e-24,7.272000e-19,3.132000e-17,8.580000e-22
1612.00,4.560000e-24,7.324000e-19,3.144000e-17,8.360000e-22
1613.00,4.440000e-24,7.376000e-19,3.156000e-17,8.140000e-22
1614.00,4.320000e-24,7.428000e-19,3.168000e-17,7.920000e-22
1615.00,4.200000e-24,7.480000e-19,3.180000e-17,7.700000e-22
1616.00,4.080000e-24,7.532000e-19,3.192000e-17,7.480000e-22
1617.00,3.960000e-24,7.584000e-19,3.204000e-17,7.260000e-22
1618.00,3.840000e-24,7.636000e-19,3.216000e-17,7.040000e-22
1619.00,3.720000e-24,7.688000e-19,3.228000e-17,6.820000e-22
1620.00,3.600000e-24,7.740000e-19,3.240000e-17,6.600000e-22
1621.00,3.480000e-24,7.792000e-19,3.252000e-17,6.380000e-22
1622.00,3.360000e-24,7.844000e-19,3.264000e-17,6.160000e-22
1623.00,3.240000e-24,7.896000e-19,3.276000e-17,5.940000e-22
1624.00,3.120000e-24,7.948000e-19,3.288000e-17,5.720000e-22
1625.00,3.000000e-24,8.000000e-19,3.300000e-17,5.500000e-22
1626.00,2.880000e-24,8.052000e-19,3.312000e-17,5.280000e-22
1627.00,2.760000e-24,8.104000e-19,3.324000e-17,5.060000e-22
1628.00,2.640000e-24,8.156000e-19,3.336000e-17,4.840000e-22
1629.00,2.520000e-24,8.208000e-19,3.348000e-17,4.620000e-22
1630.00,2.400000e-24,8.260000e-19,3.360000e-17,4.400000e-22
1631.00,2.280000e-24,8.312000e-19,3.372000e-17,4.180000e-22
1632.00,2.160000e-24,8.364000e-19,3.384000e-17,3.960000e-22
1633.00,2.040000e-24,8.416000e-19,3.396000e-17,3.740000e-22
1634.00,1.920000e-24,8.468000e-19,3.408000e-17,3.520000e-22
1635.00,1.800000e-24,8.520000e-19,3.420000e-17,3.300000e-22
1636.00,1.680000e-24,8.572000e-19,3.432000e-17,3.080000e-22
1637.00,1.560000e-24,8.624000e-19,3.444000e-17,2.860000e-22
1638.00,1.440000e-24,8.676000e-19,3.456000e-17,2.640000e-22
1639.00,1.320000e-24,8.728000e-19,3.468000e-17,2.420000e-22
1640.00,1.200000e-24,8.780000e-19,3.480000e-17,2.200000e-22
1641.00,1.080000e-24,8.832000e-19,3.492000e-17,1.980000e-22
1642.00,9.600000e-25,8.884000e-19,3.504000e-17,1.760000e-22
1643.00,8.400000e-25,8.936000e-19,3.516000e-17,1.540000e-22
1644.00,7.200000e-25,8.988000e-19,3.528000e-17,1.320000e-22
1645.00,6.000000e-25,9.040000e-19,3.540000e-17,1.100000e-22
1646.00,4.800000e-25,9.092000e-19,3.552000e-17,8.800000e-23
1647.00,3.600000e-25,9.144000e-19,3.564000e-17,6.600000e-23
1648.00,2.400000e-25,9.196000e-19,3.576000e-17,4.400000e-23
1649.00,1.200000e-25,9.248000e-19,3.588000e-17,2.200000e-23
1650.00,0.000000e+00,9.300000e-19,3.600000e-17,1.880791e-37
1651.00,0.000000e+00,9.354000e-19,3.580000e-17,0.000000e+00
1652.00,0.000000e+00,9.408000e-19,3.560000e-17,0.000000e+00
1653.00,0.000000e+00,9.462000e-19,3.540000e-17,0.000000e+00
1654.00,0.000000e+00,9.516000e-19,3.520000e-17,0.000000e+00
1655.00,0.000000e+00,9.570000e-19,3.500000e-17,0.000000e+00
1656.00,0.000000e+00,9.624000e-19,3.480000e-17,0.000000e+00
1657.00,0.000000e+00,9.678000e-19,3.460000e-17,0.000000e+00
1658.00,0.000000e+00,9.732000e-19,3.440000e-17,0.000000e+00
1659.00,0.000000e+00,9.786000e-19,3.420000e-17,0.000000e+00
1660.00,0.000000e+00,9.840000e-19,3.400000e-17,0.000000e+00
1661.00,0.000000e+00,9.894000e-19,3.380000e-17,0.000000e+00
1662.00,0.000000e+00,9.948000e-19,3.360000e-17,0.000000e+00
1663.00,0.000000e+00,1.000200e-18,3.340000e-17,0.000000e+00
1664.00,0.000000e+00,1.005600e-18,3.320000e-17,0.000000e+00
1665.00,0.000000e+00,1.011000e-18,3.300000e-17,0.000000e+00
1666.00,0.000000e+00,1.016400e-18,3.280000e-17,0.000000e+00
1667.00,0.000000e+00,1.021800e-18,3.260000e-17,0.000000e+00
1668.00,0.000000e+00,1.027200e-18,3.240000e-17,0.000000e+00
1669.00,0.000000e+00,1.032600e-18,3.220000e-17,0.000000e+00
1670.00,0.000000e+00,1.038000e-18,3.200000e-17,0.000000e+00
1671.00,0.000000e+00,1.043400e-18,3.180000e-17,0.000000e+00
1672.00,0.000000e+00,1.048800e-18,3.160000e-17,0.000000e+00
1673.00,0.000000e+00,1.054200e-18,3.140000e-17,0.000000e+00
1674.00,0.000000e+00,1.059600e-18,3.120000e-17,0.000000e+00
1675.00,0.000000e+00,1.065000e-18,3.100000e-17,0.000000e+00
1676.00,0.000000e+00,1.070400e-18,3.080000e-17,0.000000e+00
1677.00,0.000000e+00,1.075800e-18,3.060000e-17,0.000000e+00
1678.00,0.000000e+00,1.081200e-18,3.040000e-17,0.000000e+00
1679.00,0.000000e+00,1.086600e-18,3.020000e-17,0.000000e+00
1680.00,0.000000e+00,1.092000e-18,3.000000e-17,0.000000e+00
1681.00,0.000000e+00,1.097400e-18,2.980000e-17,0.000000e+00
1682.00,0.000000e+00,1.102800e-18,2.960000e-17,0.000000e+00
1683.00,0.000000e+00,1.108200e-18,2.940000e-17,0.000000e+00
1684.00,0.000000e+00,1.113600e-18,2.920000e-17,0.000000e+00
1685.00,0.000000e+00,1.119000e-18,2.900000e-17,0.000000e+00
1686.00,0.000000e+00,1.124400e-18,2.880000e-17,0.000000e+00
1687.00,0.000000e+00,1.129800e-18,2.860000e-17,0.000000e+00
1688.00,0.000000e+00,1.135200e-18,2.840000e-17,0.000000e+00
1689.00,0.000000e+00,1.140600e-18,2.820000e-17,0.000000e+00
1690.00,0.000000e+00,1.146000e-18,2.800000e-17,0.000000e+00
1691.00,0.000000e+00,1.151400e-18,2.780000e-17,0.000000e+00
1692.00,0.000000e+00,1.156800e-18,2.760000e-17,0.000000e+00
1693.00,0.000000e+00,1.162200e-18,2.740000e-17,0.000000e+00
1694.00,0.000000e+00,1.167600e-18,2.720000e-17,0.000000e+00
1695.00,0.000000e+00,1.173000e-18,2.700000e-17,0.000000e+00
1696.00,0.000000e+00,1.178400e-18,2.680000e-17,0.000000e+00
1697.00,0.000000e+00,1.183800e-18,2.660000e-17,0.000000e+00
1698.00,0.000000e+00,1.189200e-18,2.640000e-17,0.000000e+00
1699.00,0.000000e+00,1.194600e-18,2.620000e-17,0.000000e+00
1700.00,0.000000e+00,1.200000e-18,2.600000e-17,0.000000e+00
1701.00,0.000000e+00,1.198000e-18,2.578000e-17,0.000000e+00
1702.00,0.000000e+00,1.196000e-18,2.556000e-17,0.000000e+00
1703.00,0.000000e+00,1.194000e-18,2.534000e-17,0.000000e+00
1704.00,0.000000e+00,1.192000e-18,2.512000e-17,0.000000e+00
1705.00,0.000000e+00,1.190000e-18,2.490000e-17,0.000000e+00
1706.00,0.000000e+00,1.188000e-18,2.468000e-17,0.000000e+00
1707.00,0.000000e+00,1.186000e-18,2.446000e-17,0.000000e+00
1708.00,0.000000e+00,1.184000e-18,2.424000e-17,0.000000e+00
1709.00,0.000000e+00,1.182000e-18,2.402000e-17,0.000000e+00
1710.00,0.000000e+00,1.180000e-18,2.380000e-17,0.000000e+00
1711.00,0.000000e+00,1.178000e-18,2.358000e-17,0.000000e+00
1712.00,0.000000e+00,1.176000e-18,2.336000e-17,0.000000e+00
1713.00,0.000000e+00,1.174000e-18,2.314000e-17,0.000000e+00
1714.00,0.000000e+00,1.172000e-18,2.292000e-17,0.000000e+00
1715.00,0.000000e+00,1.170000e-18,2.270000e-17,0.000000e+00
1716.00,0.000000e+00,1.168000e-18,2.248000e-17,0.000000e+00
1717.00,0.000000e+00,1.166000e-18,2.226000e-17,0.000000e+00
1718.00,0.000000e+00,1.164000e-18,2.204000e-17,0.000000e+00
1719.00,0.000000e+00,1.162000e-18,2.182000e-17,0.000000e+00
1720.00,0.000000e+00,1.160000e-18,2.160000e-17,0.000000e+00
1721.00,0.000000e+00,1.158000e-18,2.138000e-17,0.000000e+00
1722.00,0.000000e+00,1.156000e-18,2.116000e-17,0.000000e+00
1723.00,0.000000e+00,1.154000e-18,2.094000e-17,0.000000e+00
1724.00,0.000000e+00,1.152000e-18,2.072000e-17,0.000000e+00
1725.00,0.000000e+00,1.150000e-18,2.050000e-17,0.000000e+00
1726.00,0.000000e+00,1.148000e-18,2.028000e-17,0.000000e+00
1727.00,0.000000e+00,1.146000e-18,2.006000e-17,0.000000e+00
1728.00,0.000000e+00,1.144000e-18,1.984000e-17,0.000000e+00
1729.00,0.000000e+00,1.142000e-18,1.962000e-17,0.000000e+00
1730.00,0.000000e+00,1.140000e-18,1.940000e-17,0.000000e+00
1731.00,0.000000e+00,1.138000e-18,1.918000e-17,0.000000e+00
1732.00,0.000000e+00,1.136000e-18,1.896000e-17,0.000000e+00
1733.00,0.000000e+00,1.134000e-18,1.874000e-17,0.000000e+00
1734.00,0.000000e+00,1.132000e-18,1.852000e-17,0.000000e+00
1735.00,0.000000e+00,1.130000e-18,1.830000e-17,0.000000e+00
1736.00,0.000000e+00,1.128000e-18,1.808000e-17,0.000000e+00
1737.00,0.000000e+00,1.126000e-18,1.786000e-17,0.000000e+00
1738.00,0.000000e+00,1.124000e-18,1.764000e-17,0.000000e+00
1739.00,0.000000e+00,1.122000e-18,1.742000e-17,0.000000e+00
1740.00,0.000000e+00,1.120000e-18,1.720000e-17,0.000000e+00
1741.00,0.000000e+00,1.118000e-18,1.698000e-17,0.000000e+00
1742.00,0.000000e+00,1.116000e-18,1.676000e-17,0.000000e+00
1743.00,0.000000e+00,1.114000e-18,1.654000e-17,0.000000e+00
1744.00,0.000000e+00,1.112000e-18,1.632000e-17,0.000000e+00
1745.00,0.000000e+00,1.110000e-18,1.610000e-17,0.000000e+00
1746.00,0.000000e+00,1.108000e-18,1.588000e-17,0.000000e+00
1747.00,0.000000e+00,1.106000e-18,1.566000e-17,0.000000e+00
1748.00,0.000000e+00,1.104000e-18,1.544000e-17,0.000000e+00
1749.00,0.000000e+00,1.102000e-18,1.522000e-17,0.000000e+00
1750.00,0.000000e+00,1.100000e-18,1.500000e-17,0.000000e+00
1751.00,0.000000e+00,1.092800e-18,1.473200e-17,0.000000e+00
1752.00,0.000000e+00,1.085600e-18,1.446400e-17,0.000000e+00
1753.00,0.000000e+00,1.078400e-18,1.419600e-17,0.000000e+00
1754.00,0.000000e+00,1.071200e-18,1.392800e-17,0.000000e+00
1755.00,0.000000e+00,1.064000e-18,1.366000e-17,0.000000e+00
1756.00,0.000000e+00,1.056800e-18,1.339200e-17,0.000000e+00
1757.00,0.000000e+00,1.049600e-18,1.312400e-17,0.000000e+00
1758.00,0.000000e+00,1.042400e-18,1.285600e-17,0.000000e+00
1759.00,0.000000e+00,1.035200e-18,1.258800e-17,0.000000e+00
1760.00,0.000000e+00,1.028000e-18,1.232000e-17,0.000000e+00
1761.00,0.000000e+00,1.020800e-18,1.205200e-17,0.000000e+00
1762.00,0.000000e+00,1.013600e-18,1.178400e-17,0.000000e+00
1763.00,0.000000e+00,1.006400e-18,1.151600e-17,0.000000e+00
1764.00,0.000000e+00,9.992000e-19,1.124800e-17,0.000000e+00
1765.00,0.000000e+00,9.920000e-19,1.098000e-17,0.000000e+00
1766.00,0.000000e+00,9.848000e-19,1.071200e-17,0.000000e+00
1767.00,0.000000e+00,9.776000e-19,1.044400e-17,0.000000e+00
1768.00,0.000000e+00,9.704000e-19,1.017600e-17,0.000000e+00
1769.00,0.000000e+00,9.632000e-19,9.908000e-18,0.000000e+00
1770.00,0.000000e+00,9.560000e-19,9.640000e-18,0.000000e+00
1771.00,0.000000e+00,9.488000e-19,9.372000e-18,0.000000e+00
1772.00,0.000000e+00,9.416000e-19,9.104000e-18,0.000000e+00
1773.00,0.000000e+00,9.344000e-19,8.836000e-18,0.000000e+00
1774.00,0.000000e+00,9.272000e-19,8.568000e-18,0.000000e+00
1775.00,0.000000e+00,9.200000e-19,8.300000e-18,0.000000e+00
1776.00,0.000000e+00,9.128000e-19,8.032000e-18,0.000000e+00
1777.00,0.000000e+00,9.056000e-19,7.764000e-18,0.000000e+00
1778.00,0.000000e+00,8.984000e-19,7.496000e-18,0.000000e+00
1779.00,0.000000e+00,8.912000e-19,7.228000e-18,0.000000e+00
1780.00,0.000000e+00,8.840000e-19,6.960000e-18,0.000000e+00
1781.00,0.000000e+00,8.768000e-19,6.692000e-18,0.000000e+00
1782.00,0.000000e+00,8.696000e-19,6.424000e-18,0.000000e+00
1783.00,0.000000e+00,8.624000e-19,6.156000e-18,0.000000e+00
1784.00,0.000000e+00,8.552000e-19,5.888000e-18,0.000000e+00
1785.00,0.000000e+00,8.480000e-19,5.620000e-18,0.000000e+00
1786.00,0.000000e+00,8.408000e-19,5.352000e-18,0.000000e+00
1787.00,0.000000e+00,8.336000e-19,5.084000e-18,0.000000e+00
1788.00,0.000000e+00,8.264000e-19,4.816000e-18,0.000000e+00
1789.00,0.000000e+00,8.192000e-19,4.548000e-18,0.000000e+00
1790.00,0.000000e+00,8.120000e-19,4.280000e-18,0.000000e+00
1791.00,0.000000e+00,8.048000e-19,4.012000e-18,0.000000e+00
1792.00,0.000000e+00,7.976000e-19,3.744000e-18,0.000000e+00
1793.00,0.000000e+00,7.904000e-19,3.476000e-18,0.000000e+00
1794.00,0.000000e+00,7.832000e-19,3.208000e-18,0.000000e+00
1795.00,0.000000e+00,7.760000e-19,2.940000e-18,0.000000e+00
1796.00,0.000000e+00,7.688000e-19,2.672000e-18,0.000000e+00
1797.00,0.000000e+00,7.616000e-19,2.404000e-18,0.000000e+00
1798.00,0.000000e+00,7.544000e-19,2.136000e-18,0.000000e+00
1799.00,0.000000e+00,7.472000e-19,1.868000e-18,0.000000e+00
1800.00,0.000000e+00,7.400000e-19,1.600000e-18,0.000000e+00
1801.00,0.000000e+00,7.326000e-19,1.575400e-18,0.000000e+00
1802.00,0.000000e+00,7.252000e-19,1.550800e-18,0.000000e+00
1803.00,0.000000e+00,7.178000e-19,1.526200e-18,0.000000e+00
1804.00,0.000000e+00,7.104000e-19,1.501600e-18,0.000000e+00
1805.00,0.000000e+00,7.030000e-19,1.477000e-18,0.000000e+00
1806.00,0.000000e+00,6.956000e-19,1.452400e-18,0.000000e+00
1807.00,0.000000e+00,6.882000e-19,1.427800e-18,0.000000e+00
1808.00,0.000000e+00,6.808000e-19,1.403200e-18,0.000000e+00
1809.00,0.000000e+00,6.734000e-19,1.378600e-18,0.000000e+00
1810.00,0.000000e+00,6.660000e-19,1.354000e-18,0.000000e+00
1811.00,0.000000e+00,6.586000e-19,1.329400e-18,0.000000e+00
1812.00,0.000000e+00,6.512000e-19,1.304800e-18,0.000000e+00
1813.00,0.000000e+00,6.438000e-19,1.280200e-18,0.000000e+00
1814.00,0.000000e+00,6.364000e-19,1.255600e-18,0.000000e+00
1815.00,0.000000e+00,6.290000e-19,1.231000e-18,0.000000e+00
1816.00,0.000000e+00,6.216000e-19,1.206400e-18,0.000000e+00
1817.00,0.000000e+00,6.142000e-19,1.181800e-18,0.000000e+00
1818.00,0.000000e+00,6.068000e-19,1.157200e-18,0.000000e+00
1819.00,0.000000e+00,5.994000e-19,1.132600e-18,0.000000e+00
1820.00,0.000000e+00,5.920000e-19,1.108000e-18,0.000000e+00
1821.00,0.000000e+00,5.846000e-19,1.083400e-18,0.000000e+00
1822.00,0.000000e+00,5.772000e-19,1.058800e-18,0.000000e+00
1823.00,0.000000e+00,5.698000e-19,1.034200e-18,0.000000e+00
1824.00,0.000000e+00,5.624000e-19,1.009600e-18,0.000000e+00
1825.00,0.000000e+00,5.550000e-19,9.850000e-19,0.000000e+00
1826.00,0.000000e+00,5.476000e-19,9.604000e-19,0.000000e+00
1827.00,0.000000e+00,5.402000e-19,9.358000e-19,0.000000e+00
1828.00,0.000000e+00,5.328000e-19,9.112000e-19,0.000000e+00
1829.00,0.000000e+00,5.254000e-19,8.866000e-19,0.000000e+00
1830.00,0.000000e+00,5.180000e-19,8.620000e-19,0.000000e+00
1831.00,0.000000e+00,5.106000e-19,8.374000e-19,0.000000e+00
1832.00,0.000000e+00,5.032000e-19,8.128000e-19,0.000000e+00
1833.00,0.000000e+00,4.958000e-19,7.882000e-19,0.000000e+00
1834.00,0.000000e+00,4.884000e-19,7.636000e-19,0.000000e+00
1835.00,0.000000e+00,4.810000e-19,7.390000e-19,0.000000e+00
1836.00,0.000000e+00,4.736000e-19,7.144000e-19,0.000000e+00
1837.00,0.000000e+00,4.662000e-19,6.898000e-19,0.000000e+00
1838.00,0.000000e+00,4.588000e-19,6.652000e-19,0.000000e+00
1839.00,0.000000e+00,4.514000e-19,6.406000e-19,0.000000e+00
1840.00,0.000000e+00,4.440000e-19,6.160000e-19,0.000000e+00
1841.00,0.000000e+00,4.366000e-19,5.914000e-19,0.000000e+00
1842.00,0.000000e+00,4.292000e-19,5.668000e-19,0.000000e+00
1843.00,0.000000e+00,4.218000e-19,5.422000e-19,0.000000e+00
1844.00,0.000000e+00,4.144000e-19,5.176000e-19,0.000000e+00
1845.00,0.000000e+00,4.070000e-19,4.930000e-19,0.000000e+00
1846.00,0.000000e+00,3.996000e-19,4.684000e-19,0.000000e+00
1847.00,0.000000e+00,3.922000e-19,4.438000e-19,0.000000e+00
1848.00,0.000000e+00,3.848000e-19,4.192000e-19,0.000000e+00
1849.00,0.000000e+00,3.774000e-19,3.946000e-19,0.000000e+00
1850.00,0.000000e+00,3.700000e-19,3.700000e-19,0.000000e+00
1851.00,0.000000e+00,3.656000e-19,3.636000e-19,0.000000e+00
1852.00,0.000000e+00,3.612000e-19,3.572000e-19,0.000000e+00
1853.00,0.000000e+00,3.568000e-19,3.508000e-19,0.000000e+00
1854.00,0.000000e+00,3.524000e-19,3.444000e-19,0.000000e+00
1855.00,0.000000e+00,3.480000e-19,3.380000e-19,0.000000e+00
1856.00,0.000000e+00,3.436000e-19,3.316000e-19,0.000000e+00
1857.00,0.000000e+00,3.392000e-19,3.252000e-19,0.000000e+00
1858.00,0.000000e+00,3.348000e-19,3.188000e-19,0.000000e+00
1859.00,0.000000e+00,3.304000e-19,3.124000e-19,0.000000e+00
1860.00,0.000000e+00,3.260000e-19,3.060000e-19,0.000000e+00
1861.00,0.000000e+00,3.216000e-19,2.996000e-19,0.000000e+00
1862.00,0.000000e+00,3.172000e-19,2.932000e-19,0.000000e+00
1863.00,0.000000e+00,3.128000e-19,2.868000e-19,0.000000e+00
1864.00,0.000000e+00,3.084000e-19,2.804000e-19,0.000000e+00
1865.00,0.000000e+00,3.040000e-19,2.740000e-19,0.000000e+00
1866.00,0.000000e+00,2.996000e-19,2.676000e-19,0.000000e+00
1867.00,0.000000e+00,2.952000e-19,2.612000e-19,0.000000e+00
1868.00,0.000000e+00,2.908000e-19,2.548000e-19,0.000000e+00
1869.00,0.000000e+00,2.864000e-19,2.484000e-19,0.000000e+00
1870.00,0.000000e+00,2.820000e-19,2.420000e-19,0.000000e+00
1871.00,0.000000e+00,2.776000e-19,2.356000e-19,0.000000e+00
1872.00,0.000000e+00,2.732000e-19,2.292000e-19,0.000000e+00
1873.00,0.000000e+00,2.688000e-19,2.228000e-19,0.000000e+00
1874.00,0.000000e+00,2.644000e-19,2.164000e-19,0.000000e+00
1875.00,0.000000e+00,2.600000e-19,2.100000e-19,0.000000e+00
1876.00,0.000000e+00,2.556000e-19,2.036000e-19,0.000000e+00
1877.00,0.000000e+00,2.512000e-19,1.972000e-19,0.000000e+00
1878.00,0.000000e+00,2.468000e-19,1.908000e-19,0.000000e+00
1879.00,0.000000e+00,2.424000e-19,1.844000e-19,0.000000e+00
1880.00,0.000000e+00,2.380000e-19,1.780000e-19,0.000000e+00
1881.00,0.000000e+00,2.336000e-19,1.716000e-19,0.000000e+00
1882.00,0.000000e+00,2.292000e-19,1.652000e-19,0.000000e+00
1883.00,0.000000e+00,2.248000e-19,1.588000e-19,0.000000e+00
1884.00,0.000000e+00,2.204000e-19,1.524000e-19,0.000000e+00
1885.00,0.000000e+00,2.160000e-19,1.460000e-19,0.000000e+00
1886.00,0.000000e+00,2.116000e-19,1.396000e-19,0.000000e+00
1887.00,0.000000e+00,2.072000e-19,1.332000e-19,0.000000e+00
1888.00,0.000000e+00,2.028000e-19,1.268000e-19,0.000000e+00
1889.00,0.000000e+00,1.984000e-19,1.204000e-19,0.000000e+00
1890.00,0.000000e+00,1.940000e-19,1.140000e-19,0.000000e+00
1891.00,0.000000e+00,1.896000e-19,1.076000e-19,0.000000e+00
1892.00,0.000000e+00,1.852000e-19,1.012000e-19,0.000000e+00
1893.00,0.000000e+00,1.808000e-19,9.480000e-20,0.000000e+00
1894.00,0.000000e+00,1.764000e-19,8.840000e-20,0.000000e+00
1895.00,0.000000e+00,1.720000e-19,8.200000e-20,0.000000e+00
1896.00,0.000000e+00,1.676000e-19,7.560000e-20,0.000000e+00
1897.00,0.000000e+00,1.632000e-19,6.920000e-20,0.000000e+00
1898.00,0.000000e+00,1.588000e-19,6.280000e-20,0.000000e+00
1899.00,0.000000e+00,1.544000e-19,5.640000e-20,0.000000e+00
1900.00,0.000000e+00,1.500000e-19,5.000000e-20,0.000000e+00
1901.00,0.000000e+00,1.492000e-19,4.920000e-20,0.000000e+00
1902.00,0.000000e+00,1.484000e-19,4.840000e-20,0.000000e+00
1903.00,0.000000e+00,1.476000e-19,4.760000e-20,0.000000e+00
1904.00,0.000000e+00,1.468000e-19,4.680000e-20,0.000000e+00
1905.00,0.000000e+00,1.460000e-19,4.600000e-20,0.000000e+00
1906.00,0.000000e+00,1.452000e-19,4.520000e-20,0.000000e+00
1907.00,0.000000e+00,1.444000e-19,4.440000e-20,0.000000e+00
1908.00,0.000000e+00,1.436000e-19,4.360000e-20,0.000000e+00
1909.00,0.000000e+00,1.428000e-19,4.280000e-20,0.000000e+00
1910.00,0.000000e+00,1.420000e-19,4.200000e-20,0.000000e+00
1911.00,0.000000e+00,1.412000e-19,4.120000e-20,0.000000e+00
1912.00,0.000000e+00,1.404000e-19,4.040000e-20,0.000000e+00
1913.00,0.000000e+00,1.396000e-19,3.960000e-20,0.000000e+00
1914.00,0.000000e+00,1.388000e-19,3.880000e-20,0.000000e+00
1915.00,0.000000e+00,1.380000e-19,3.800000e-20,0.000000e+00
1916.00,0.000000e+00,1.372000e-19,3.720000e-20,0.000000e+00
1917.00,0.000000e+00,1.364000e-19,3.640000e-20,0.000000e+00
1918.00,0.000000e+00,1.356000e-19,3.560000e-20,0.000000e+00
1919.00,0.000000e+00,1.348000e-19,3.480000e-20,0.000000e+00
1920.00,0.000000e+00,1.340000e-19,3.400000e-20,0.000000e+00
1921.00,0.000000e+00,1.332000e-19,3.320000e-20,0.000000e+00
1922.00,0.000000e+00,1.324000e-19,3.240000e-20,0.000000e+00
1923.00,0.000000e+00,1.316000e-19,3.160000e-20,0.000000e+00
1924.00,0.000000e+00,1.308000e-19,3.080000e-20,0.000000e+00
1925.00,0.000000e+00,1.300000e-19,3.000000e-20,0.000000e+00
1926.00,0.000000e+00,1.292000e-19,2.920000e-20,0.000000e+00
1927.00,0.000000e+00,1.284000e-19,2.840000e-20,0.000000e+00
1928.00,0.000000e+00,1.276000e-19,2.760000e-20,0.000000e+00
1929.00,0.000000e+00,1.268000e-19,2.680000e-20,0.000000e+00
1930.00,0.000000e+00,1.260000e-19,2.600000e-20,0.000000e+00
1931.00,0.000000e+00,1.252000e-19,2.520000e-20,0.000000e+00
1932.00,0.000000e+00,1.244000e-19,2.440000e-20,0.000000e+00
1933.00,0.000000e+00,1.236000e-19,2.360000e-20,0.000000e+00
1934.00,0.000000e+00,1.228000e-19,2.280000e-20,0.000000e+00
1935.00,0.000000e+00,1.220000e-19,2.200000e-20,0.000000e+00
1936.00,0.000000e+00,1.212000e-19,2.120000e-20,0.000000e+00
1937.00,0.000000e+00,1.204000e-19,2.040000e-20,0.000000e+00
1938.00,0.000000e+00,1.196000e-19,1.960000e-20,0.000000e+00
1939.00,0.000000e+00,1.188000e-19,1.880000e-20,0.000000e+00
1940.00,0.000000e+00,1.180000e-19,1.800000e-20,0.000000e+00
1941.00,0.000000e+00,1.172000e-19,1.720000e-20,0.000000e+00
1942.00,0.000000e+00,1.164000e-19,1.640000e-20,0.000000e+00
1943.00,0.000000e+00,1.156000e-19,1.560000e-20,0.000000e+00
1944.00,0.000000e+00,1.148000e-19,1.480000e-20,0.000000e+00
1945.00,0.000000e+00,1.140000e-19,1.400000e-20,0.000000e+00
1946.00,0.000000e+00,1.132000e-19,1.320000e-20,0.000000e+00
1947.00,0.000000e+00,1.124000e-19,1.240000e-20,0.000000e+00
1948.00,0.000000e+00,1.116000e-19,1.160000e-20,0.000000e+00
1949.00,0.000000e+00,1.108000e-19,1.080000e-20,0.000000e+00
1950.00,0.000000e+00,1.100000e-19,1.000000e-20,0.000000e+00
1951.00,0.000000e+00,1.088000e-19,9.820000e-21,0.000000e+00
1952.00,0.000000e+00,1.076000e-19,9.640000e-21,0.000000e+00
1953.00,0.000000e+00,1.064000e-19,9.460000e-21,0.000000e+00
1954.00,0.000000e+00,1.052000e-19,9.280000e-21,0.000000e+00
1955.00,0.000000e+00,1.040000e-19,9.100000e-21,0.000000e+00
1956.00,0.000000e+00,1.028000e-19,8.920000e-21,0.000000e+00
1957.00,0.000000e+00,1.016000e-19,8.740000e-21,0.000000e+00
1958.00,0.000000e+00,1.004000e-19,8.560000e-21,0.000000e+00
1959.00,0.000000e+00,9.920000e-20,8.380000e-21,0.000000e+00
1960.00,0.000000e+00,9.800000e-20,8.200000e-21,0.000000e+00
1961.00,0.000000e+00,9.680000e-20,8.020000e-21,0.000000e+00
1962.00,0.000000e+00,9.560000e-20,7.840000e-21,0.000000e+00
1963.00,0.000000e+00,9.440000e-20,7.660000e-21,0.000000e+00
1964.00,0.000000e+00,9.320000e-20,7.480000e-21,0.000000e+00
1965.00,0.000000e+00,9.200000e-20,7.300000e-21,0.000000e+00
1966.00,0.000000e+00,9.080000e-20,7.120000e-21,0.000000e+00
1967.00,0.000000e+00,8.960000e-20,6.940000e-21,0.000000e+00
1968.00,0.000000e+00,8.840000e-20,6.760000e-21,0.000000e+00
1969.00,0.000000e+00,8.720000e-20,6.580000e-21,0.000000e+00
1970.00,0.000000e+00,8.600000e-20,6.400000e-21,0.000000e+00
1971.00,0.000000e+00,8.480000e-20,6.220000e-21,0.000000e+00
1972.00,0.000000e+00,8.360000e-20,6.040000e-21,0.000000e+00
1973.00,0.000000e+00,8.240000e-20,5.860000e-21,0.000000e+00
1974.00,0.000000e+00,8.120000e-20,5.680000e-21,0.000000e+00
1975.00,0.000000e+00,8.000000e-20,5.500000e-21,0.000000e+00
1976.00,0.000000e+00,7.880000e-20,5.320000e-21,0.000000e+00
1977.00,0.000000e+00,7.760000e-20,5.140000e-21,0.000000e+00
1978.00,0.000000e+00,7.640000e-20,4.960000e-21,0.000000e+00
1979.00,0.000000e+00,7.520000e-20,4.780000e-21,0.000000e+00
1980.00,0.000000e+00,7.400000e-20,4.600000e-21,0.000000e+00
1981.00,0.000000e+00,7.280000e-20,4.420000e-21,0.000000e+00
1982.00,0.000000e+00,7.160000e-20,4.240000e-21,0.000000e+00
1983.00,0.000000e+00,7.040000e-20,4.060000e-21,0.000000e+00
1984.00,0.000000e+00,6.920000e-20,3.880000e-21,0.000000e+00
1985.00,0.000000e+00,6.800000e-20,3.700000e-21,0.000000e+00
1986.00,0.000000e+00,6.680000e-20,3.520000e-21,0.000000e+00
1987.00,0.000000e+00,6.560000e-20,3.340000e-21,0.000000e+00
1988.00,0.000000e+00,6.440000e-20,3.160000e-21,0.000000e+00
1989.00,0.000000e+00,6.320000e-20,2.980000e-21,0.000000e+00
1990.00,0.000000e+00,6.200000e-20,2.800000e-21,0.000000e+00
1991.00,0.000000e+00,6.080000e-20,2.620000e-21,0.000000e+00
1992.00,0.000000e+00,5.960000e-20,2.440000e-21,0.000000e+00
1993.00,0.000000e+00,5.840000e-20,2.260000e-21,0.000000e+00
1994.00,0.000000e+00,5.720000e-20,2.080000e-21,0.000000e+00
1995.00,0.000000e+00,5.600000e-20,1.900000e-21,0.000000e+00
1996.00,0.000000e+00,5.480000e-20,1.720000e-21,0.000000e+00
1997.00,0.000000e+00,5.360000e-20,1.540000e-21,0.000000e+00
1998.00,0.000000e+00,5.240000e-20,1.360000e-21,0.000000e+00
1999.00,0.000000e+00,5.120000e-20,1.180000e-21,0.000000e+00
2000.00,0.000000e+00,5.000000e-20,1.000000e-21,0.000000e+00
