z_km,mix_CH5+,mix_C3Hn+,mix_H3+
0,0.0,0.0,0.0
10,0.0,0.0,0.0
20,0.0,0.0,0.0
30,0.0,0.0,0.0
40,0.0,0.0,0.0
50,0.0,0.0,0.0
60,0.0,0.0,0.0
70,0.0,0.0,0.0
80,0.0,0.0,0.0
90,0.0,0.0,0.0
100,0.0,0.0,0.0
110,0.0,0.0,0.0
120,0.0,0.0,0.0
130,0.0,0.0,0.0
140,0.0,0.0,0.0
150,0.0,0.0,0.0
160,0.0,0.0,0.0
170,0.0,0.0,0.0
180,0.0,0.0,0.0
190,0.0,0.0,0.0
200,1.3476142263733732e-30,0.0,0.0
210,3.7153120116951145e-27,2.21000999481971e-28,0.0
220,1.0242948667433632e-23,2.0867894536715123e-24,0.0
230,2.8239350308511736e-20,1.9704391537423208e-20,0.0
240,7.785462289607103e-17,1.8605760402755094e-16,0.0
250,2.1464170528209383e-13,1.7568384159773388e-12,0.0
260,6.32158236435309e-10,1.7721407038919676e-08,0.0
270,3.2810042656596524e-06,0.000315016923605732,0.0011735811793340835
280,0.0022737850289162045,0.7731994241868204,0.002347162358668167
290,0.03676439306591783,0.95971486339608,0.00352074353800225
301,0.07728229146240716,0.9191559327083989,0.003561775829193877
311,0.21824647069348893,0.7749696474452445,0.006783881861266524
321,0.4711701236281339,0.5138642420039432,0.0149656343679229
331,0.7855461890497014,0.18920640671621664,0.02524740423408175
341,0.9064790725102083,0.04158201996355966,0.05193890752623209
351,0.8959873185121736,0.00816810645459345,0.09584457503323297
361,0.7825309972147847,0.0019489632509402488,0.21552003953427498
371,0.5921759413933096,0.0002797627500412894,0.40754429585664903
381,0.33128664164218663,2.1708850482310306e-05,0.6686916495073311
391,0.14079343704506464,6.735007488594314e-07,0.8592058894541865
401,0.05162207765014186,1.0153636962056743e-08,0.9483779121962211
411,0.021370781567404382,1.6060836257074134e-10,0.9786292182719872
421,0.006656615675101172,2.680558332314592e-12,0.9933433843222182
431,0.002377764176856746,4.3384642321457327e-14,0.9976222358230998
441,0.0010979849616722845,7.250548439032205e-16,0.9989020150383271
451,0.00035961603899771667,1.1929517960987912e-17,0.9996403839610023
461,0.0001780025036824051,1.9185839905660955e-19,0.9998219974963176
471,8.296368113906942e-05,3.147282179828532e-21,0.9999170363188609
481,4.1473006985753326e-05,5.1625858810783386e-23,0.9999585269930142
491,2.2353203999670584e-05,8.468162425803286e-25,0.9999776467960004
501,9.366263669231795e-06,1.3625839004161567e-26,0.9999906337363309
511,5.538588526352562e-06,2.166989462811222e-28,0.9999944614114736
521,3.2841744928934877e-06,3.455769327569827e-30,0.9999967158255071
531,1.9487187502982726e-06,0.0,0.9999980512812496
541,1.1804851190269885e-06,0.0,0.9999988195148809
551,7.171158012852966e-07,0.0,0.9999992828841986
561,4.2668248776783153e-07,0.0,0.9999995733175122
571,2.5387520903411656e-07,0.0,0.999999746124791
581,1.5229987172093784e-07,0.0,0.9999998477001283
591,9.15536338170176e-08,0.0,0.9999999084463662
602,5.583780839973313e-08,0.0,0.9999999441621916
612,3.3827245192254044e-08,0.0,0.9999999661727548
622,2.0071923703609833e-08,0.0,0.9999999799280763
632,1.1901961711899249e-08,0.0,0.9999999880980383
642,7.038005645066894e-09,0.0,0.9999999929619944
652,4.161794883948514e-09,0.0,0.9999999958382051
662,2.461000673939705e-09,0.0,0.9999999975389993
672,1.4580462260489947e-09,0.0,0.9999999985419539
682,8.651544651080301e-10,0.0,0.9999999991348455
692,5.205614571976325e-10,0.0,0.9999999994794386
702,3.1748614078095784e-10,0.0,0.999999999682514
712,1.8882697282839315e-10,0.0,0.999999999811173
722,1.1204342885183113e-10,0.0,0.9999999998879566
732,6.648271568645227e-11,0.0,0.9999999999335172
742,3.944855606667316e-11,0.0,0.9999999999605514
752,2.3539424702058304e-11,0.0,0.9999999999764606
762,1.3880940197691245e-11,0.0,0.999999999986119
772,8.057437058705641e-12,0.0,0.9999999999919426
782,4.7054822872709105e-12,0.0,0.9999999999952945
792,2.825830147028223e-12,0.0,0.9999999999971741
802,1.683943176084591e-12,0.0,0.999999999998316
812,9.896329613850346e-13,0.0,0.9999999999990103
822,5.796110121771276e-13,0.0,0.9999999999994204
832,3.267571181579239e-13,0.0,0.9999999999996733
842,1.8421012027671828e-13,0.0,0.9999999999998157
852,1.0676157224003241e-13,0.0,0.9999999999998933
862,6.313148728210535e-14,0.0,0.9999999999999368
872,3.7331640990541026e-14,0.0,0.9999999999999626
882,2.141740952468108e-14,0.0,0.9999999999999786
892,1.2221131614089146e-14,0.0,0.9999999999999877
903,6.973581831022539e-15,0.0,0.999999999999993
913,3.996124139309253e-15,0.0,0.999999999999996
923,2.291122596523783e-15,0.0,0.9999999999999978
933,1.3000376440645947e-15,0.0,0.9999999999999987
943,7.328993844952102e-16,0.0,0.9999999999999993
953,4.1369358955120265e-16,0.0,0.9999999999999997
963,2.35856494446741e-16,0.0,0.9999999999999998
973,1.344673627480069e-16,0.0,0.9999999999999998
983,7.584780777481885e-17,0.0,1.0
993,4.2489939595531446e-17,0.0,1.0
1003,2.380286286179593e-17,0.0,1.0
1013,1.3334363047130895e-17,0.0,1.0
1023,7.563607437973268e-18,0.0,1.0
1033,4.292046683322907e-18,0.0,1.0
1043,2.4236801256306908e-18,0.0,1.0
1053,1.3472958026919498e-18,0.0,1.0
1063,7.489461834321203e-19,0.0,1.0
1073,4.1726320829335556e-19,0.0,1.0
1083,2.3297811880959303e-19,0.0,1.0
1093,1.3008288956522858e-19,0.0,1.0
1103,7.269493610489066e-20,0.0,1.0
1113,4.0699505285309674e-20,0.0,1.0
1123,2.2786315240429515e-20,0.0,1.0
1133,1.2757308930328665e-20,0.0,1.0
1143,7.142397944845632e-21,0.0,1.0
1153,3.998793842896793e-21,0.0,1.0
1163,2.238793234634901e-21,0.0,1.0
1173,1.2534267442544125e-21,0.0,1.0
1183,7.017524347077489e-22,0.0,1.0
1193,3.9344484328962116e-22,0.0,1.0
1204,2.209761555064885e-22,0.0,1.0
1214,1.2411005541246743e-22,0.0,1.0
1224,6.98929843065884e-23,0.0,1.0
1234,3.9402339934307955e-23,0.0,1.0
1244,2.217596029470101e-23,0.0,1.0
1254,1.2403790745799605e-23,0.0,1.0
1264,6.937874293649587e-24,0.0,1.0
1274,3.938857388363892e-24,0.0,1.0
1284,2.23843682727691e-24,0.0,1.0
1294,1.2720946547877623e-24,0.0,1.0
1304,7.185760913368927e-25,0.0,1.0
1314,4.050990196000776e-25,0.0,1.0
1324,2.2798285357190605e-25,0.0,1.0
1334,1.276401060525247e-25,0.0,1.0
1344,7.146149992355374e-26,0.0,1.0
1354,4.02864089011585e-26,0.0,1.0
1364,2.309765626605186e-26,0.0,1.0
1374,1.32402308238087e-26,0.0,1.0
1384,7.497841113296692e-27,0.0,1.0
1394,4.2459698858989664e-27,0.0,1.0
1404,2.4044601638715446e-27,0.0,1.0
1414,1.363317160801373e-27,0.0,1.0
1424,7.736283177465317e-28,0.0,1.0
1434,4.390033304264607e-28,0.0,1.0
1444,2.5032398210262952e-28,0.0,1.0
1454,1.4283904539966969e-28,0.0,1.0
1464,8.150634517439676e-29,0.0,1.0
1474,4.618689078571425e-29,0.0,1.0
1484,2.615528182527908e-29,0.0,1.0
1494,1.4811535388552572e-29,0.0,1.0
1505,8.39630386059695e-30,0.0,1.0
1515,4.7645688162133995e-30,0.0,1.0
1525,2.7037034844541124e-30,0.0,1.0
1535,1.546453142295635e-30,0.0,1.0
1545,0.0,0.0,1.0
1555,0.0,0.0,1.0
1565,0.0,0.0,1.0
1575,0.0,0.0,1.0
1585,0.0,0.0,1.0
1595,0.0,0.0,1.0
1605,0.0,0.0,1.0
1615,0.0,0.0,1.0
1625,0.0,0.0,1.0
1635,0.0,0.0,1.0
1645,0.0,0.0,1.0
1655,0.0,0.0,1.0
1665,0.0,0.0,1.0
1675,0.0,0.0,1.0
1685,0.0,0.0,1.0
1695,0.0,0.0,1.0
1705,0.0,0.0,1.0
1715,0.0,0.0,1.0
1725,0.0,0.0,1.0
1735,0.0,0.0,1.0
1745,0.0,0.0,1.0
1755,0.0,0.0,1.0
1765,0.0,0.0,1.0
1775,0.0,0.0,1.0
1785,0.0,0.0,1.0
1795,0.0,0.0,1.0
1806,0.0,0.0,1.0
1816,0.0,0.0,1.0
1826,0.0,0.0,1.0
1836,0.0,0.0,1.0
1846,0.0,0.0,1.0
1856,0.0,0.0,1.0
1866,0.0,0.0,1.0
1876,0.0,0.0,1.0
1886,0.0,0.0,1.0
1896,0.0,0.0,1.0
1906,0.0,0.0,1.0
1916,0.0,0.0,1.0
1926,0.0,0.0,1.0
1936,0.0,0.0,1.0
1946,0.0,0.0,1.0
1956,0.0,0.0,1.0
1966,0.0,0.0,1.0
1976,0.0,0.0,1.0
1986,0.0,0.0,1.0
1996,0.0,0.0,1.0
2006,0.0,0.0,1.0
2016,0.0,0.0,1.0
2026,0.0,0.0,1.0
2036,0.0,0.0,1.0
2046,0.0,0.0,1.0
2056,0.0,0.0,1.0
2066,0.0,0.0,1.0
2076,0.0,0.0,1.0
2086,0.0,0.0,1.0
2096,0.0,0.0,1.0
2107,0.0,0.0,1.0
2117,0.0,0.0,1.0
2127,0.0,0.0,1.0
2137,0.0,0.0,1.0
2147,0.0,0.0,1.0
2157,0.0,0.0,1.0
2167,0.0,0.0,1.0
2177,0.0,0.0,1.0
2187,0.0,0.0,1.0
2197,0.0,0.0,1.0
2207,0.0,0.0,1.0
2217,0.0,0.0,1.0
2227,0.0,0.0,1.0
2237,0.0,0.0,1.0
2247,0.0,0.0,1.0
2257,0.0,0.0,1.0
2267,0.0,0.0,1.0
2277,0.0,0.0,1.0
2287,0.0,0.0,1.0
2297,0.0,0.0,1.0
2307,0.0,0.0,1.0
2317,0.0,0.0,1.0
2327,0.0,0.0,1.0
2337,0.0,0.0,1.0
2347,0.0,0.0,1.0
2357,0.0,0.0,1.0
2367,0.0,0.0,1.0
2377,0.0,0.0,1.0
2387,0.0,0.0,1.0
2397,0.0,0.0,1.0
2408,0.0,0.0,1.0
2418,0.0,0.0,1.0
2428,0.0,0.0,1.0
2438,0.0,0.0,1.0
2448,0.0,0.0,1.0
2458,0.0,0.0,1.0
2468,0.0,0.0,1.0
2478,0.0,0.0,1.0
2488,0.0,0.0,1.0
2498,0.0,0.0,1.0
2508,0.0,0.0,1.0
2518,0.0,0.0,1.0
2528,0.0,0.0,1.0
2538,0.0,0.0,1.0
2548,0.0,0.0,1.0
2558,0.0,0.0,1.0
2568,0.0,0.0,1.0
2578,0.0,0.0,1.0
2588,0.0,0.0,1.0
2598,0.0,0.0,1.0
2608,0.0,0.0,1.0
2618,0.0,0.0,1.0
2628,0.0,0.0,1.0
2638,0.0,0.0,1.0
2648,0.0,0.0,1.0
2658,0.0,0.0,1.0
2668,0.0,0.0,1.0
2678,0.0,0.0,1.0
2688,0.0,0.0,1.0
2698,0.0,0.0,1.0
2709,0.0,0.0,1.0
2719,0.0,0.0,1.0
2729,0.0,0.0,1.0
2739,0.0,0.0,1.0
2749,0.0,0.0,1.0
2759,0.0,0.0,1.0
2769,0.0,0.0,1.0
2779,0.0,0.0,1.0
2789,0.0,0.0,1.0
2799,0.0,0.0,1.0
2809,0.0,0.0,1.0
2819,0.0,0.0,1.0
2829,0.0,0.0,1.0
2839,0.0,0.0,1.0
2849,0.0,0.0,1.0
2859,0.0,0.0,1.0
2869,0.0,0.0,1.0
2879,0.0,0.0,1.0
2889,0.0,0.0,1.0
2899,0.0,0.0,1.0
2909,0.0,0.0,1.0
2919,0.0,0.0,1.0
2929,0.0,0.0,1.0
2939,0.0,0.0,1.0
2949,0.0,0.0,1.0
2959,0.0,0.0,1.0
2969,0.0,0.0,1.0
2979,0.0,0.0,1.0
2989,0.0,0.0,1.0
3000,0.0,0.0,1.0